,bssid,dev,freq,node,signal,ssid,ap
0,64:66:b3:ce:21:db,wlan1,2437,nuc11,-71.00 dBm,68-test,nuc10
1,64:66:b3:ce:21:db,wlan0,2437,nuc11,-68.00 dBm,68-test,nuc10
2,56:8b:3c:d0:48:b6,wlan1,5200,nuc11,-83.00 dBm,Intelligent-Mesh-5GHz,nuc10
3,56:8b:3c:d0:48:b6,wlan0,5200,nuc11,-81.00 dBm,Intelligent-Mesh-5GHz,nuc10
4,a0:cf:5b:3f:87:4e,wlan1,5660,nuc11,-78.00 dBm,TUB-Guest,nuc10
5,a0:cf:5b:3f:87:4d,wlan0,5660,nuc11,-75.00 dBm,TUB-intern,nuc10
6,a0:cf:5b:3f:87:4c,wlan0,5660,nuc11,-66.00 dBm,eduroam,nuc10
7,02:5d:60:77:86:72,wlan1,2412,nuc11,-82.00 dBm,twist-test,nuc10
8,56:8b:3c:d0:48:b6,wlan1,5200,nuc12,-85.00 dBm,Intelligent-Mesh-5GHz,nuc10
9,56:8b:3c:d0:48:b6,wlan0,5200,nuc12,-68.00 dBm,Intelligent-Mesh-5GHz,nuc10
10,a0:cf:5b:9f:68:61,wlan1,2412,nuc12,-73.00 dBm,TUB-Guest,nuc10
11,a0:cf:5b:3f:bd:fe,wlan0,5300,nuc12,-78.00 dBm,TUB-Guest,nuc10
12,a0:cf:5b:9f:68:61,wlan0,2412,nuc12,-72.00 dBm,TUB-Guest,nuc10
13,a0:cf:5b:3f:91:7e,wlan0,5260,nuc12,-83.00 dBm,TUB-Guest,nuc10
14,a0:cf:5b:00:1d:8d,wlan1,5500,nuc12,-69.00 dBm,TUB-intern,nuc10
15,a0:cf:5b:9f:68:62,wlan1,2412,nuc12,-69.00 dBm,TUB-intern,nuc10
16,a0:cf:5b:3f:bd:fd,wlan0,5300,nuc12,-78.00 dBm,TUB-intern,nuc10
17,a0:cf:5b:3f:bd:fc,wlan0,5300,nuc12,-67.00 dBm,eduroam,nuc10
18,00:0b:6b:db:08:9e,wlan1,2462,nuc12,-81.00 dBm,eduroam.bowl.tu-berlin.de,nuc10
19,00:1b:b1:5d:b1:5a,wlan1,2462,nuc12,-57.00 dBm,eduroam.bowl.tu-berlin.de,nuc10
20,02:5d:60:77:86:72,wlan1,2412,nuc12,-60.00 dBm,twist-test,nuc10
21,02:5d:60:77:86:72,wlan0,2412,nuc12,-54.00 dBm,twist-test,nuc10
22,64:66:b3:ce:21:dc,wlan1,5240,nuc13,-56.00 dBm,68,nuc10
23,64:66:b3:ce:21:dc,wlan0,5240,nuc13,-64.00 dBm,68,nuc10
24,64:66:b3:ce:21:db,wlan1,2437,nuc13,-47.00 dBm,68-test,nuc10
25,64:66:b3:ce:21:db,wlan0,2437,nuc13,-24.00 dBm,68-test,nuc10
26,28:f0:76:71:45:92,wlan0,2462,nuc13,-76.00 dBm,MyNet,nuc10
27,a0:cf:5b:3f:bd:fe,wlan1,5300,nuc13,-76.00 dBm,TUB-Guest,nuc10
28,a0:cf:5b:3f:87:4e,wlan1,5660,nuc13,-68.00 dBm,TUB-Guest,nuc10
29,a0:cf:5b:3f:bd:fe,wlan0,5300,nuc13,-76.00 dBm,TUB-Guest,nuc10
30,a0:cf:5b:3f:87:4e,wlan0,5660,nuc13,-62.00 dBm,TUB-Guest,nuc10
31,a0:cf:5b:3d:7d:a1,wlan0,2462,nuc13,-72.00 dBm,TUB-Guest,nuc10
32,a0:cf:5b:3f:bd:fd,wlan1,5300,nuc13,-79.00 dBm,TUB-intern,nuc10
33,a0:cf:5b:3f:87:4d,wlan1,5660,nuc13,-68.00 dBm,TUB-intern,nuc10
34,a0:cf:5b:3f:bd:fd,wlan0,5300,nuc13,-78.00 dBm,TUB-intern,nuc10
35,a0:cf:5b:3f:87:4d,wlan0,5660,nuc13,-62.00 dBm,TUB-intern,nuc10
36,a0:cf:5b:3f:bd:fc,wlan1,5300,nuc13,-79.00 dBm,eduroam,nuc10
37,a0:cf:5b:3f:87:4c,wlan1,5660,nuc13,-68.00 dBm,eduroam,nuc10
38,a0:cf:5b:3f:bd:fc,wlan0,5300,nuc13,-60.00 dBm,eduroam,nuc10
39,a0:cf:5b:3f:87:4c,wlan0,5660,nuc13,-62.00 dBm,eduroam,nuc10
40,64:66:b3:ce:21:db,wlan1,2437,nuc4,-72.00 dBm,68-test,nuc10
41,56:8b:3c:d0:48:b6,wlan1,5200,nuc4,-58.00 dBm,Intelligent-Mesh-5GHz,nuc10
42,56:8b:3c:d0:48:b6,wlan0,5200,nuc4,-52.00 dBm,Intelligent-Mesh-5GHz,nuc10
43,a0:cf:5b:00:1d:8e,wlan1,5500,nuc4,-64.00 dBm,TUB-Guest,nuc10
44,a0:cf:5b:fa:41:de,wlan1,5660,nuc4,-75.00 dBm,TUB-Guest,nuc10
45,a0:cf:5b:3f:bf:ce,wlan1,5240,nuc4,-81.00 dBm,TUB-Guest,nuc10
46,a0:cf:5b:9f:68:61,wlan1,2412,nuc4,-74.00 dBm,TUB-Guest,nuc10
47,a0:cf:5b:3f:bd:fe,wlan1,5300,nuc4,-83.00 dBm,TUB-Guest,nuc10
48,a0:cf:5b:3f:bf:ce,wlan0,5240,nuc4,-75.00 dBm,TUB-Guest,nuc10
49,a0:cf:5b:00:1d:8d,wlan1,5500,nuc4,-74.00 dBm,TUB-intern,nuc10
50,a0:cf:5b:fa:41:dd,wlan1,5660,nuc4,-64.00 dBm,TUB-intern,nuc10
51,a0:cf:5b:3f:bf:cd,wlan1,5240,nuc4,-81.00 dBm,TUB-intern,nuc10
52,a0:cf:5b:3f:bd:fd,wlan1,5300,nuc4,-82.00 dBm,TUB-intern,nuc10
53,a0:cf:5b:3f:bf:cd,wlan0,5240,nuc4,-75.00 dBm,TUB-intern,nuc10
54,a0:cf:5b:3f:bf:cc,wlan1,5240,nuc4,-81.00 dBm,eduroam,nuc10
55,a0:cf:5b:fa:41:dc,wlan1,5660,nuc4,-75.00 dBm,eduroam,nuc10
56,a0:cf:5b:3f:bd:fc,wlan1,5300,nuc4,-80.00 dBm,eduroam,nuc10
57,a0:cf:5b:9f:68:63,wlan1,2412,nuc4,-71.00 dBm,eduroam,nuc10
58,a0:cf:5b:00:1d:8c,wlan1,5500,nuc4,-75.00 dBm,eduroam,nuc10
59,a0:cf:5b:3f:bf:cc,wlan0,5240,nuc4,-74.00 dBm,eduroam,nuc10
60,a0:cf:5b:9f:68:63,wlan0,2412,nuc4,-69.00 dBm,eduroam,nuc10
61,00:1b:b1:5d:b1:5a,wlan1,2462,nuc4,-49.00 dBm,eduroam.bowl.tu-berlin.de,nuc10
62,00:1b:b1:5d:b1:5a,wlan0,2462,nuc4,-51.00 dBm,eduroam.bowl.tu-berlin.de,nuc10
63,02:5d:60:77:86:72,wlan1,2412,nuc4,-55.00 dBm,twist-test,nuc10
64,02:5d:60:77:86:72,wlan0,2412,nuc4,-65.00 dBm,twist-test,nuc10
65,64:66:b3:ce:21:dc,wlan1,5240,nuc6,-85.00 dBm,68,nuc10
66,64:66:b3:ce:21:dc,wlan0,5240,nuc6,-78.00 dBm,68,nuc10
67,64:66:b3:ce:21:db,wlan1,2437,nuc6,-63.00 dBm,68-test,nuc10
68,64:66:b3:ce:21:db,wlan0,2437,nuc6,-52.00 dBm,68-test,nuc10
69,a0:cf:5b:3f:bd:fe,wlan1,5300,nuc6,-58.00 dBm,TUB-Guest,nuc10
70,a0:cf:5b:3f:91:7e,wlan0,5260,nuc6,-76.00 dBm,TUB-Guest,nuc10
71,a0:cf:5b:3f:bd:fe,wlan0,5300,nuc6,-41.00 dBm,TUB-Guest,nuc10
72,a0:cf:5b:3f:87:4e,wlan0,5660,nuc6,-67.00 dBm,TUB-Guest,nuc10
73,a0:cf:5b:3f:bd:fd,wlan1,5300,nuc6,-58.00 dBm,TUB-intern,nuc10
74,a0:cf:5b:3f:bd:fd,wlan0,5300,nuc6,-42.00 dBm,TUB-intern,nuc10
75,a0:cf:5b:3f:87:4d,wlan0,5660,nuc6,-68.00 dBm,TUB-intern,nuc10
76,a0:cf:5b:3f:91:7d,wlan0,5260,nuc6,-66.00 dBm,TUB-intern,nuc10
77,a0:cf:5b:3f:bd:fc,wlan1,5300,nuc6,-53.00 dBm,eduroam,nuc10
78,a0:cf:5b:3f:bd:fc,wlan0,5300,nuc6,-42.00 dBm,eduroam,nuc10
79,a0:cf:5b:3f:87:4c,wlan0,5660,nuc6,-67.00 dBm,eduroam,nuc10
80,a0:cf:5b:3f:91:7c,wlan0,5260,nuc6,-76.00 dBm,eduroam,nuc10
81,02:5d:60:77:86:72,wlan1,2412,nuc6,-72.00 dBm,twist-test,nuc10
82,64:66:b3:ce:21:dc,wlan1,5240,nuc11,-88.00 dBm,68,nuc10
83,64:66:b3:ce:21:db,wlan1,2437,nuc11,-71.00 dBm,68-test,nuc10
84,64:66:b3:ce:21:db,wlan0,2437,nuc11,-65.00 dBm,68-test,nuc10
85,56:8b:3c:d0:48:b6,wlan1,5200,nuc11,-84.00 dBm,Intelligent-Mesh-5GHz,nuc10
86,56:8b:3c:d0:48:b6,wlan0,5200,nuc11,-83.00 dBm,Intelligent-Mesh-5GHz,nuc10
87,a0:cf:5b:3f:87:4e,wlan0,5660,nuc11,-66.00 dBm,TUB-Guest,nuc10
88,a0:cf:5b:3f:87:4d,wlan0,5660,nuc11,-75.00 dBm,TUB-intern,nuc10
89,a0:cf:5b:3f:87:4c,wlan0,5660,nuc11,-74.00 dBm,eduroam,nuc10
90,98:fc:11:dd:94:76,wlan0,2457,nuc12,-81.00 dBm,ResFi40,nuc10
91,a0:cf:5b:00:1d:8e,wlan1,5500,nuc12,-68.00 dBm,TUB-Guest,nuc10
92,a0:cf:5b:3f:bd:fe,wlan0,5300,nuc12,-79.00 dBm,TUB-Guest,nuc10
93,a0:cf:5b:3f:91:7e,wlan0,5260,nuc12,-82.00 dBm,TUB-Guest,nuc10
94,a0:cf:5b:00:1d:8d,wlan1,5500,nuc12,-57.00 dBm,TUB-intern,nuc10
95,a0:cf:5b:9f:68:62,wlan1,2412,nuc12,-74.00 dBm,TUB-intern,nuc10
96,a0:cf:5b:3f:bd:fd,wlan0,5300,nuc12,-79.00 dBm,TUB-intern,nuc10
97,a0:cf:5b:3f:91:7d,wlan0,5260,nuc12,-81.00 dBm,TUB-intern,nuc10
98,a0:cf:5b:9f:68:62,wlan0,2412,nuc12,-72.00 dBm,TUB-intern,nuc10
99,a0:cf:5b:00:1d:8c,wlan1,5500,nuc12,-68.00 dBm,eduroam,nuc10
100,a0:cf:5b:3f:bd:fc,wlan0,5300,nuc12,-79.00 dBm,eduroam,nuc10
101,00:0b:6b:db:08:9e,wlan1,2462,nuc12,-81.00 dBm,eduroam.bowl.tu-berlin.de,nuc10
102,00:1b:b1:5d:b1:5a,wlan1,2462,nuc12,-81.00 dBm,eduroam.bowl.tu-berlin.de,nuc10
103,00:0b:6b:db:08:a0,wlan1,2462,nuc12,-79.00 dBm,eduroam.bowl.tu-berlin.de,nuc10
104,00:0b:6b:db:08:a0,wlan0,2462,nuc12,-80.00 dBm,eduroam.bowl.tu-berlin.de,nuc10
105,02:5d:60:77:86:72,wlan1,5240,nuc12,-76.00 dBm,twist-test,nuc10
106,64:66:b3:ce:21:dc,wlan1,5240,nuc13,-57.00 dBm,68,nuc10
107,64:66:b3:ce:21:dc,wlan0,5240,nuc13,-62.00 dBm,68,nuc10
108,64:66:b3:ce:21:db,wlan1,2437,nuc13,-45.00 dBm,68-test,nuc10
109,64:66:b3:ce:21:db,wlan0,2437,nuc13,-24.00 dBm,68-test,nuc10
110,28:f0:76:71:45:92,wlan1,2462,nuc13,-83.00 dBm,MyNet,nuc10
111,28:f0:76:71:45:92,wlan0,2462,nuc13,-76.00 dBm,MyNet,nuc10
112,a0:cf:5b:3f:bd:fe,wlan1,5300,nuc13,-78.00 dBm,TUB-Guest,nuc10
113,a0:cf:5b:3f:87:4e,wlan1,5660,nuc13,-51.00 dBm,TUB-Guest,nuc10
114,a0:cf:5b:3f:87:4e,wlan0,5660,nuc13,-51.00 dBm,TUB-Guest,nuc10
115,a0:cf:5b:3d:7d:a1,wlan0,2462,nuc13,-51.00 dBm,TUB-Guest,nuc10
116,a0:cf:5b:3f:bd:fd,wlan1,5300,nuc13,-77.00 dBm,TUB-intern,nuc10
117,a0:cf:5b:3f:87:4d,wlan1,5660,nuc13,-67.00 dBm,TUB-intern,nuc10
118,a0:cf:5b:3f:87:4d,wlan0,5660,nuc13,-61.00 dBm,TUB-intern,nuc10
119,a0:cf:5b:3f:bd:fc,wlan1,5300,nuc13,-78.00 dBm,eduroam,nuc10
120,a0:cf:5b:3f:87:4c,wlan1,5660,nuc13,-67.00 dBm,eduroam,nuc10
121,a0:cf:5b:3f:87:4c,wlan0,5660,nuc13,-62.00 dBm,eduroam,nuc10
122,64:66:b3:ce:21:db,wlan1,2437,nuc4,-74.00 dBm,68-test,nuc10
123,64:66:b3:ce:21:db,wlan0,2437,nuc4,-80.00 dBm,68-test,nuc10
124,00:24:fe:08:53:cd,wlan1,2412,nuc4,-82.00 dBm,FG_ENSYS,nuc10
125,56:8b:3c:d0:48:b6,wlan1,5200,nuc4,-57.00 dBm,Intelligent-Mesh-5GHz,nuc10
126,56:8b:3c:d0:48:b6,wlan0,5200,nuc4,-50.00 dBm,Intelligent-Mesh-5GHz,nuc10
127,a0:cf:5b:00:1d:8e,wlan1,5500,nuc4,-73.00 dBm,TUB-Guest,nuc10
128,a0:cf:5b:fa:41:de,wlan1,5660,nuc4,-76.00 dBm,TUB-Guest,nuc10
129,a0:cf:5b:3f:bf:ce,wlan1,5240,nuc4,-80.00 dBm,TUB-Guest,nuc10
130,a0:cf:5b:3f:bd:fe,wlan1,5300,nuc4,-82.00 dBm,TUB-Guest,nuc10
131,a0:cf:5b:3f:bf:ce,wlan0,5240,nuc4,-75.00 dBm,TUB-Guest,nuc10
132,a0:cf:5b:00:1d:8d,wlan1,5500,nuc4,-73.00 dBm,TUB-intern,nuc10
133,a0:cf:5b:fa:41:dd,wlan1,5660,nuc4,-77.00 dBm,TUB-intern,nuc10
134,a0:cf:5b:3f:bf:cd,wlan1,5240,nuc4,-81.00 dBm,TUB-intern,nuc10
135,a0:cf:5b:3f:bd:fd,wlan1,5300,nuc4,-80.00 dBm,TUB-intern,nuc10
136,a0:cf:5b:3f:bf:cd,wlan0,5240,nuc4,-74.00 dBm,TUB-intern,nuc10
137,a0:cf:5b:3f:bf:cc,wlan1,5240,nuc4,-82.00 dBm,eduroam,nuc10
138,a0:cf:5b:fa:41:dc,wlan1,5660,nuc4,-64.00 dBm,eduroam,nuc10
139,a0:cf:5b:3f:bd:fc,wlan1,5300,nuc4,-82.00 dBm,eduroam,nuc10
140,a0:cf:5b:00:1d:8c,wlan1,5500,nuc4,-72.00 dBm,eduroam,nuc10
141,a0:cf:5b:3f:bf:cc,wlan0,5240,nuc4,-74.00 dBm,eduroam,nuc10
142,a0:cf:5b:9f:68:63,wlan0,2412,nuc4,-70.00 dBm,eduroam,nuc10
143,00:1b:b1:5d:b1:5a,wlan1,2462,nuc4,-49.00 dBm,eduroam.bowl.tu-berlin.de,nuc10
144,00:0b:6b:db:08:9e,wlan0,2462,nuc4,-58.00 dBm,eduroam.bowl.tu-berlin.de,nuc10
145,02:5d:60:77:86:72,wlan1,5240,nuc4,-67.00 dBm,twist-test,nuc10
146,64:66:b3:ce:21:dc,wlan1,5240,nuc6,-87.00 dBm,68,nuc10
147,64:66:b3:ce:21:dc,wlan0,5240,nuc6,-71.00 dBm,68,nuc10
148,64:66:b3:ce:21:db,wlan1,2437,nuc6,-64.00 dBm,68-test,nuc10
149,64:66:b3:ce:21:db,wlan0,2437,nuc6,-53.00 dBm,68-test,nuc10
150,a0:cf:5b:3f:bd:fe,wlan1,5300,nuc6,-58.00 dBm,TUB-Guest,nuc10
151,a0:cf:5b:3f:91:7e,wlan1,5260,nuc6,-84.00 dBm,TUB-Guest,nuc10
152,a0:cf:5b:3f:91:7e,wlan0,5260,nuc6,-77.00 dBm,TUB-Guest,nuc10
153,a0:cf:5b:3f:bd:fe,wlan0,5300,nuc6,-42.00 dBm,TUB-Guest,nuc10
154,a0:cf:5b:3f:87:4e,wlan0,5660,nuc6,-69.00 dBm,TUB-Guest,nuc10
155,a0:cf:5b:3f:bd:fd,wlan1,5300,nuc6,-54.00 dBm,TUB-intern,nuc10
156,a0:cf:5b:3f:91:7d,wlan1,5260,nuc6,-86.00 dBm,TUB-intern,nuc10
157,a0:cf:5b:3f:bd:fd,wlan0,5300,nuc6,-41.00 dBm,TUB-intern,nuc10
158,a0:cf:5b:3f:87:4d,wlan0,5660,nuc6,-65.00 dBm,TUB-intern,nuc10
159,a0:cf:5b:3f:91:7d,wlan0,5260,nuc6,-77.00 dBm,TUB-intern,nuc10
160,a0:cf:5b:3f:bd:fc,wlan1,5300,nuc6,-58.00 dBm,eduroam,nuc10
161,a0:cf:5b:3f:91:7c,wlan1,5260,nuc6,-85.00 dBm,eduroam,nuc10
162,a0:cf:5b:3f:bd:fc,wlan0,5300,nuc6,-41.00 dBm,eduroam,nuc10
163,a0:cf:5b:3f:87:4c,wlan0,5660,nuc6,-69.00 dBm,eduroam,nuc10
164,a0:cf:5b:3f:91:7c,wlan0,5260,nuc6,-77.00 dBm,eduroam,nuc10
165,02:5d:60:77:86:72,wlan1,5240,nuc6,-75.00 dBm,twist-test,nuc10
166,64:66:b3:ce:21:db,wlan0,2437,nuc10,-73.00 dBm,68-test,nuc11
167,56:8b:3c:d0:48:b6,wlan1,5200,nuc10,-77.00 dBm,Intelligent-Mesh-5GHz,nuc11
168,56:8b:3c:d0:48:b6,wlan0,5200,nuc10,-50.00 dBm,Intelligent-Mesh-5GHz,nuc11
169,a0:cf:5b:fa:41:de,wlan1,5660,nuc10,-79.00 dBm,TUB-Guest,nuc11
170,a0:cf:5b:3f:bf:ce,wlan0,5240,nuc10,-75.00 dBm,TUB-Guest,nuc11
171,a0:cf:5b:3f:bd:fe,wlan0,5300,nuc10,-65.00 dBm,TUB-Guest,nuc11
172,a0:cf:5b:00:1d:8e,wlan0,5500,nuc10,-77.00 dBm,TUB-Guest,nuc11
173,a0:cf:5b:fa:41:de,wlan0,5660,nuc10,-72.00 dBm,TUB-Guest,nuc11
174,a0:cf:5b:fa:41:dd,wlan1,5660,nuc10,-79.00 dBm,TUB-intern,nuc11
175,a0:cf:5b:3f:bf:cd,wlan0,5240,nuc10,-75.00 dBm,TUB-intern,nuc11
176,a0:cf:5b:3f:bd:fd,wlan0,5300,nuc10,-54.00 dBm,TUB-intern,nuc11
177,a0:cf:5b:00:1d:8d,wlan0,5500,nuc10,-78.00 dBm,TUB-intern,nuc11
178,a0:cf:5b:fa:41:dd,wlan0,5660,nuc10,-72.00 dBm,TUB-intern,nuc11
179,a0:cf:5b:9f:68:62,wlan0,2412,nuc10,-51.00 dBm,TUB-intern,nuc11
180,a0:cf:5b:fa:41:dc,wlan1,5660,nuc10,-79.00 dBm,eduroam,nuc11
181,a0:cf:5b:3f:bf:cc,wlan0,5240,nuc10,-74.00 dBm,eduroam,nuc11
182,a0:cf:5b:3f:bd:fc,wlan0,5300,nuc10,-62.00 dBm,eduroam,nuc11
183,a0:cf:5b:00:1d:8c,wlan0,5500,nuc10,-76.00 dBm,eduroam,nuc11
184,a0:cf:5b:fa:41:dc,wlan0,5660,nuc10,-60.00 dBm,eduroam,nuc11
185,00:0b:6b:db:08:a0,wlan1,2462,nuc10,-80.00 dBm,eduroam.bowl.tu-berlin.de,nuc11
186,02:5d:60:77:7e:ff,wlan1,2412,nuc10,-76.00 dBm,twist-test,nuc11
187,64:66:b3:ce:21:db,wlan1,2437,nuc12,-82.00 dBm,68-test,nuc11
188,64:66:b3:ce:21:db,wlan0,2437,nuc12,-81.00 dBm,68-test,nuc11
189,56:8b:3c:d0:48:b6,wlan0,5200,nuc12,-68.00 dBm,Intelligent-Mesh-5GHz,nuc11
190,98:fc:11:dd:94:76,wlan0,2457,nuc12,-82.00 dBm,ResFi40,nuc11
191,a0:cf:5b:00:1d:8e,wlan1,5500,nuc12,-57.00 dBm,TUB-Guest,nuc11
192,a0:cf:5b:9f:68:61,wlan1,2412,nuc12,-75.00 dBm,TUB-Guest,nuc11
193,a0:cf:5b:3f:bd:fe,wlan0,5300,nuc12,-77.00 dBm,TUB-Guest,nuc11
194,a0:cf:5b:3f:91:7e,wlan0,5260,nuc12,-80.00 dBm,TUB-Guest,nuc11
195,a0:cf:5b:00:1d:8d,wlan1,5500,nuc12,-68.00 dBm,TUB-intern,nuc11
196,a0:cf:5b:3f:bd:fd,wlan0,5300,nuc12,-65.00 dBm,TUB-intern,nuc11
197,a0:cf:5b:3f:91:7d,wlan0,5260,nuc12,-79.00 dBm,TUB-intern,nuc11
198,a0:cf:5b:00:1d:8c,wlan1,5500,nuc12,-68.00 dBm,eduroam,nuc11
199,a0:cf:5b:9f:68:63,wlan1,2412,nuc12,-74.00 dBm,eduroam,nuc11
200,a0:cf:5b:3f:bd:fc,wlan0,5300,nuc12,-77.00 dBm,eduroam,nuc11
201,a0:cf:5b:9f:68:63,wlan0,2412,nuc12,-52.00 dBm,eduroam,nuc11
202,00:0b:6b:db:08:9e,wlan1,2462,nuc12,-80.00 dBm,eduroam.bowl.tu-berlin.de,nuc11
203,00:0b:6b:db:08:a0,wlan1,2462,nuc12,-80.00 dBm,eduroam.bowl.tu-berlin.de,nuc11
204,00:0b:6b:db:08:a0,wlan0,2462,nuc12,-54.00 dBm,eduroam.bowl.tu-berlin.de,nuc11
205,64:66:b3:ce:21:dc,wlan1,5240,nuc13,-56.00 dBm,68,nuc11
206,64:66:b3:ce:21:dc,wlan0,5240,nuc13,-63.00 dBm,68,nuc11
207,64:66:b3:ce:21:db,wlan1,2437,nuc13,-43.00 dBm,68-test,nuc11
208,64:66:b3:ce:21:db,wlan0,2437,nuc13,-24.00 dBm,68-test,nuc11
209,28:f0:76:71:45:92,wlan0,2462,nuc13,-77.00 dBm,MyNet,nuc11
210,a0:cf:5b:3f:bd:fe,wlan1,5300,nuc13,-75.00 dBm,TUB-Guest,nuc11
211,a0:cf:5b:3f:87:4e,wlan1,5660,nuc13,-67.00 dBm,TUB-Guest,nuc11
212,a0:cf:5b:3d:7d:a1,wlan0,2462,nuc13,-68.00 dBm,TUB-Guest,nuc11
213,a0:cf:5b:3f:bd:fd,wlan1,5300,nuc13,-80.00 dBm,TUB-intern,nuc11
214,a0:cf:5b:3f:87:4d,wlan1,5660,nuc13,-67.00 dBm,TUB-intern,nuc11
215,a0:cf:5b:3d:7d:a2,wlan0,2462,nuc13,-51.00 dBm,TUB-intern,nuc11
216,a0:cf:5b:3f:bd:fd,wlan0,5300,nuc13,-74.00 dBm,TUB-intern,nuc11
217,a0:cf:5b:3f:bd:fc,wlan1,5300,nuc13,-79.00 dBm,eduroam,nuc11
218,a0:cf:5b:3f:87:4c,wlan1,5660,nuc13,-67.00 dBm,eduroam,nuc11
219,a0:cf:5b:3f:bd:fc,wlan0,5300,nuc13,-57.00 dBm,eduroam,nuc11
220,02:5d:60:77:7e:ff,wlan1,2412,nuc13,-77.00 dBm,twist-test,nuc11
221,02:5d:60:77:7e:ff,wlan0,2412,nuc13,-70.00 dBm,twist-test,nuc11
222,64:66:b3:ce:21:db,wlan1,2437,nuc4,-73.00 dBm,68-test,nuc11
223,64:66:b3:ce:21:db,wlan0,2437,nuc4,-80.00 dBm,68-test,nuc11
224,56:8b:3c:d0:48:b6,wlan1,5200,nuc4,-58.00 dBm,Intelligent-Mesh-5GHz,nuc11
225,56:8b:3c:d0:48:b6,wlan0,5200,nuc4,-52.00 dBm,Intelligent-Mesh-5GHz,nuc11
226,a0:cf:5b:00:1d:8e,wlan1,5500,nuc4,-74.00 dBm,TUB-Guest,nuc11
227,a0:cf:5b:fa:41:de,wlan1,5660,nuc4,-66.00 dBm,TUB-Guest,nuc11
228,a0:cf:5b:3f:bf:ce,wlan1,5240,nuc4,-82.00 dBm,TUB-Guest,nuc11
229,a0:cf:5b:3f:bd:fe,wlan1,5300,nuc4,-81.00 dBm,TUB-Guest,nuc11
230,a0:cf:5b:3f:bf:ce,wlan0,5240,nuc4,-74.00 dBm,TUB-Guest,nuc11
231,a0:cf:5b:00:1d:8d,wlan1,5500,nuc4,-73.00 dBm,TUB-intern,nuc11
232,a0:cf:5b:fa:41:dd,wlan1,5660,nuc4,-77.00 dBm,TUB-intern,nuc11
233,a0:cf:5b:3f:bf:cd,wlan1,5240,nuc4,-83.00 dBm,TUB-intern,nuc11
234,a0:cf:5b:3f:bd:fd,wlan1,5300,nuc4,-81.00 dBm,TUB-intern,nuc11
235,a0:cf:5b:3f:bf:cd,wlan0,5240,nuc4,-75.00 dBm,TUB-intern,nuc11
236,a0:cf:5b:3f:bf:cc,wlan1,5240,nuc4,-83.00 dBm,eduroam,nuc11
237,a0:cf:5b:fa:41:dc,wlan1,5660,nuc4,-78.00 dBm,eduroam,nuc11
238,a0:cf:5b:3f:bd:fc,wlan1,5300,nuc4,-81.00 dBm,eduroam,nuc11
239,a0:cf:5b:00:1d:8c,wlan1,5500,nuc4,-74.00 dBm,eduroam,nuc11
240,a0:cf:5b:9f:68:63,wlan1,2412,nuc4,-59.00 dBm,eduroam,nuc11
241,a0:cf:5b:3f:bf:cc,wlan0,5240,nuc4,-73.00 dBm,eduroam,nuc11
242,a0:cf:5b:9f:68:63,wlan0,2412,nuc4,-71.00 dBm,eduroam,nuc11
243,00:1b:b1:5d:b1:5a,wlan1,2462,nuc4,-49.00 dBm,eduroam.bowl.tu-berlin.de,nuc11
244,02:5d:60:77:7e:ff,wlan1,2412,nuc4,-72.00 dBm,twist-test,nuc11
245,64:66:b3:ce:21:dc,wlan1,5240,nuc6,-84.00 dBm,68,nuc11
246,64:66:b3:ce:21:dc,wlan0,5240,nuc6,-74.00 dBm,68,nuc11
247,64:66:b3:ce:21:db,wlan1,2437,nuc6,-65.00 dBm,68-test,nuc11
248,64:66:b3:ce:21:db,wlan0,2437,nuc6,-53.00 dBm,68-test,nuc11
249,a0:cf:5b:3f:bd:fe,wlan1,5300,nuc6,-58.00 dBm,TUB-Guest,nuc11
250,a0:cf:5b:3f:91:7e,wlan1,5260,nuc6,-86.00 dBm,TUB-Guest,nuc11
251,a0:cf:5b:3f:91:7e,wlan0,5260,nuc6,-76.00 dBm,TUB-Guest,nuc11
252,a0:cf:5b:3f:bd:fe,wlan0,5300,nuc6,-43.00 dBm,TUB-Guest,nuc11
253,a0:cf:5b:3f:87:4e,wlan0,5660,nuc6,-73.00 dBm,TUB-Guest,nuc11
254,a0:cf:5b:3f:bd:fd,wlan1,5300,nuc6,-58.00 dBm,TUB-intern,nuc11
255,a0:cf:5b:3f:bd:fd,wlan0,5300,nuc6,-31.00 dBm,TUB-intern,nuc11
256,a0:cf:5b:3f:87:4d,wlan0,5660,nuc6,-72.00 dBm,TUB-intern,nuc11
257,a0:cf:5b:3f:91:7d,wlan0,5260,nuc6,-76.00 dBm,TUB-intern,nuc11
258,a0:cf:5b:3f:bd:fc,wlan1,5300,nuc6,-57.00 dBm,eduroam,nuc11
259,a0:cf:5b:3f:91:7c,wlan1,5260,nuc6,-85.00 dBm,eduroam,nuc11
260,a0:cf:5b:3f:bd:fc,wlan0,5300,nuc6,-43.00 dBm,eduroam,nuc11
261,a0:cf:5b:3f:87:4c,wlan0,5660,nuc6,-64.00 dBm,eduroam,nuc11
262,64:66:b3:ce:21:db,wlan0,2437,nuc10,-74.00 dBm,68-test,nuc11
263,90:72:40:10:43:8a,wlan1,2437,nuc10,-80.00 dBm,ABTC,nuc11
264,56:8b:3c:d0:48:b6,wlan1,5200,nuc10,-78.00 dBm,Intelligent-Mesh-5GHz,nuc11
265,56:8b:3c:d0:48:b6,wlan0,5200,nuc10,-62.00 dBm,Intelligent-Mesh-5GHz,nuc11
266,a0:cf:5b:fa:41:de,wlan1,5660,nuc10,-80.00 dBm,TUB-Guest,nuc11
267,a0:cf:5b:3f:bf:ce,wlan0,5240,nuc10,-78.00 dBm,TUB-Guest,nuc11
268,a0:cf:5b:3f:bd:fe,wlan0,5300,nuc10,-66.00 dBm,TUB-Guest,nuc11
269,a0:cf:5b:00:1d:8e,wlan0,5500,nuc10,-75.00 dBm,TUB-Guest,nuc11
270,a0:cf:5b:fa:41:de,wlan0,5660,nuc10,-72.00 dBm,TUB-Guest,nuc11
271,a0:cf:5b:fa:41:dd,wlan1,5660,nuc10,-80.00 dBm,TUB-intern,nuc11
272,a0:cf:5b:3f:bf:cd,wlan0,5240,nuc10,-78.00 dBm,TUB-intern,nuc11
273,a0:cf:5b:3f:bd:fd,wlan0,5300,nuc10,-67.00 dBm,TUB-intern,nuc11
274,a0:cf:5b:00:1d:8d,wlan0,5500,nuc10,-75.00 dBm,TUB-intern,nuc11
275,a0:cf:5b:fa:41:dd,wlan0,5660,nuc10,-72.00 dBm,TUB-intern,nuc11
276,a0:cf:5b:9f:68:62,wlan0,2412,nuc10,-50.00 dBm,TUB-intern,nuc11
277,a0:cf:5b:fa:41:dc,wlan1,5660,nuc10,-74.00 dBm,eduroam,nuc11
278,a0:cf:5b:3f:bf:cc,wlan0,5240,nuc10,-78.00 dBm,eduroam,nuc11
279,a0:cf:5b:3f:bd:fc,wlan0,5300,nuc10,-67.00 dBm,eduroam,nuc11
280,a0:cf:5b:00:1d:8c,wlan0,5500,nuc10,-74.00 dBm,eduroam,nuc11
281,a0:cf:5b:fa:41:dc,wlan0,5660,nuc10,-73.00 dBm,eduroam,nuc11
282,00:0b:6b:db:08:a0,wlan1,2462,nuc10,-79.00 dBm,eduroam.bowl.tu-berlin.de,nuc11
283,00:1b:b1:5d:b1:5a,wlan1,2462,nuc10,-74.00 dBm,eduroam.bowl.tu-berlin.de,nuc11
284,00:1b:b1:5d:b1:5a,wlan0,2462,nuc10,-61.00 dBm,eduroam.bowl.tu-berlin.de,nuc11
285,56:8b:3c:d0:48:b6,wlan1,5200,nuc12,-81.00 dBm,Intelligent-Mesh-5GHz,nuc11
286,56:8b:3c:d0:48:b6,wlan0,5200,nuc12,-69.00 dBm,Intelligent-Mesh-5GHz,nuc11
287,98:fc:11:dd:94:76,wlan1,2457,nuc12,-62.00 dBm,ResFi40,nuc11
288,98:fc:11:dd:94:76,wlan0,2457,nuc12,-81.00 dBm,ResFi40,nuc11
289,a0:cf:5b:00:1d:8e,wlan1,5500,nuc12,-69.00 dBm,TUB-Guest,nuc11
290,a0:cf:5b:3f:bd:fe,wlan0,5300,nuc12,-78.00 dBm,TUB-Guest,nuc11
291,a0:cf:5b:3f:91:7e,wlan0,5260,nuc12,-80.00 dBm,TUB-Guest,nuc11
292,a0:cf:5b:00:1d:8d,wlan1,5500,nuc12,-68.00 dBm,TUB-intern,nuc11
293,a0:cf:5b:3f:bd:fd,wlan0,5300,nuc12,-78.00 dBm,TUB-intern,nuc11
294,a0:cf:5b:3f:91:7d,wlan0,5260,nuc12,-80.00 dBm,TUB-intern,nuc11
295,a0:cf:5b:00:1d:8c,wlan1,5500,nuc12,-58.00 dBm,eduroam,nuc11
296,a0:cf:5b:3f:bd:fc,wlan0,5300,nuc12,-66.00 dBm,eduroam,nuc11
297,a0:cf:5b:3f:91:7c,wlan0,5260,nuc12,-80.00 dBm,eduroam,nuc11
298,00:0b:6b:db:08:9e,wlan1,2462,nuc12,-81.00 dBm,eduroam.bowl.tu-berlin.de,nuc11
299,00:0b:6b:db:08:a0,wlan1,2462,nuc12,-79.00 dBm,eduroam.bowl.tu-berlin.de,nuc11
300,00:0b:6b:db:08:a0,wlan0,2462,nuc12,-56.00 dBm,eduroam.bowl.tu-berlin.de,nuc11
301,64:66:b3:ce:21:dc,wlan1,5240,nuc13,-56.00 dBm,68,nuc11
302,64:66:b3:ce:21:dc,wlan0,5240,nuc13,-61.00 dBm,68,nuc11
303,64:66:b3:ce:21:db,wlan1,2437,nuc13,-45.00 dBm,68-test,nuc11
304,64:66:b3:ce:21:db,wlan0,2437,nuc13,-40.00 dBm,68-test,nuc11
305,28:f0:76:71:45:92,wlan0,2462,nuc13,-82.00 dBm,MyNet,nuc11
306,a0:cf:5b:3f:bd:fe,wlan1,5300,nuc13,-79.00 dBm,TUB-Guest,nuc11
307,a0:cf:5b:3f:87:4e,wlan1,5660,nuc13,-67.00 dBm,TUB-Guest,nuc11
308,a0:cf:5b:3f:bd:fe,wlan0,5300,nuc13,-73.00 dBm,TUB-Guest,nuc11
309,a0:cf:5b:3f:87:4e,wlan0,5660,nuc13,-63.00 dBm,TUB-Guest,nuc11
310,a0:cf:5b:3f:bd:fd,wlan1,5300,nuc13,-79.00 dBm,TUB-intern,nuc11
311,a0:cf:5b:3f:87:4d,wlan1,5660,nuc13,-50.00 dBm,TUB-intern,nuc11
312,a0:cf:5b:3d:7d:a2,wlan0,2462,nuc13,-50.00 dBm,TUB-intern,nuc11
313,a0:cf:5b:3f:bd:fd,wlan0,5300,nuc13,-74.00 dBm,TUB-intern,nuc11
314,a0:cf:5b:3f:87:4d,wlan0,5660,nuc13,-50.00 dBm,TUB-intern,nuc11
315,a0:cf:5b:3f:bd:fc,wlan1,5300,nuc13,-79.00 dBm,eduroam,nuc11
316,a0:cf:5b:3f:87:4c,wlan1,5660,nuc13,-66.00 dBm,eduroam,nuc11
317,a0:cf:5b:a3:13:e3,wlan0,2462,nuc13,-75.00 dBm,eduroam,nuc11
318,64:66:b3:ce:21:db,wlan1,2437,nuc4,-73.00 dBm,68-test,nuc11
319,56:8b:3c:d0:48:b6,wlan1,5200,nuc4,-58.00 dBm,Intelligent-Mesh-5GHz,nuc11
320,56:8b:3c:d0:48:b6,wlan0,5200,nuc4,-52.00 dBm,Intelligent-Mesh-5GHz,nuc11
321,a0:cf:5b:00:1d:8e,wlan1,5500,nuc4,-76.00 dBm,TUB-Guest,nuc11
322,a0:cf:5b:fa:41:de,wlan1,5660,nuc4,-75.00 dBm,TUB-Guest,nuc11
323,a0:cf:5b:3f:bd:fe,wlan1,5300,nuc4,-83.00 dBm,TUB-Guest,nuc11
324,a0:cf:5b:3f:bf:ce,wlan0,5240,nuc4,-75.00 dBm,TUB-Guest,nuc11
325,a0:cf:5b:00:1d:8d,wlan1,5500,nuc4,-79.00 dBm,TUB-intern,nuc11
326,a0:cf:5b:fa:41:dd,wlan1,5660,nuc4,-75.00 dBm,TUB-intern,nuc11
327,a0:cf:5b:3f:bf:cd,wlan0,5240,nuc4,-74.00 dBm,TUB-intern,nuc11
328,a0:cf:5b:9f:68:62,wlan0,2412,nuc4,-69.00 dBm,TUB-intern,nuc11
329,a0:cf:5b:fa:41:dc,wlan1,5660,nuc4,-63.00 dBm,eduroam,nuc11
330,a0:cf:5b:3f:bd:fc,wlan1,5300,nuc4,-83.00 dBm,eduroam,nuc11
331,a0:cf:5b:00:1d:8c,wlan1,5500,nuc4,-78.00 dBm,eduroam,nuc11
332,a0:cf:5b:3f:bf:cc,wlan0,5240,nuc4,-74.00 dBm,eduroam,nuc11
333,00:1b:b1:5d:b1:5a,wlan1,2462,nuc4,-73.00 dBm,eduroam.bowl.tu-berlin.de,nuc11
334,64:66:b3:ce:21:dc,wlan1,5240,nuc6,-85.00 dBm,68,nuc11
335,64:66:b3:ce:21:dc,wlan0,5240,nuc6,-74.00 dBm,68,nuc11
336,64:66:b3:ce:21:db,wlan1,2437,nuc6,-63.00 dBm,68-test,nuc11
337,64:66:b3:ce:21:db,wlan0,2437,nuc6,-53.00 dBm,68-test,nuc11
338,a0:cf:5b:3f:bd:fe,wlan1,5300,nuc6,-59.00 dBm,TUB-Guest,nuc11
339,a0:cf:5b:3f:91:7e,wlan1,5260,nuc6,-85.00 dBm,TUB-Guest,nuc11
340,a0:cf:5b:3f:91:7e,wlan0,5260,nuc6,-76.00 dBm,TUB-Guest,nuc11
341,a0:cf:5b:3f:bd:fe,wlan0,5300,nuc6,-43.00 dBm,TUB-Guest,nuc11
342,a0:cf:5b:3f:87:4e,wlan0,5660,nuc6,-66.00 dBm,TUB-Guest,nuc11
343,a0:cf:5b:3f:bd:fd,wlan1,5300,nuc6,-54.00 dBm,TUB-intern,nuc11
344,a0:cf:5b:3f:bd:fd,wlan0,5300,nuc6,-43.00 dBm,TUB-intern,nuc11
345,a0:cf:5b:3f:87:4d,wlan0,5660,nuc6,-62.00 dBm,TUB-intern,nuc11
346,a0:cf:5b:3f:91:7d,wlan0,5260,nuc6,-77.00 dBm,TUB-intern,nuc11
347,a0:cf:5b:3f:bd:fc,wlan1,5300,nuc6,-58.00 dBm,eduroam,nuc11
348,a0:cf:5b:3f:bd:fc,wlan0,5300,nuc6,-42.00 dBm,eduroam,nuc11
349,a0:cf:5b:3f:87:4c,wlan0,5660,nuc6,-66.00 dBm,eduroam,nuc11
350,64:66:b3:ce:21:db,wlan0,2437,nuc10,-73.00 dBm,68-test,nuc12
351,90:72:40:10:43:8a,wlan1,2437,nuc10,-81.00 dBm,ABTC,nuc12
352,56:8b:3c:d0:48:b6,wlan1,5200,nuc10,-78.00 dBm,Intelligent-Mesh-5GHz,nuc12
353,56:8b:3c:d0:48:b6,wlan0,5200,nuc10,-51.00 dBm,Intelligent-Mesh-5GHz,nuc12
354,a0:cf:5b:fa:41:de,wlan1,5660,nuc10,-80.00 dBm,TUB-Guest,nuc12
355,a0:cf:5b:3f:bf:ce,wlan0,5240,nuc10,-76.00 dBm,TUB-Guest,nuc12
356,a0:cf:5b:3f:bd:fe,wlan0,5300,nuc10,-55.00 dBm,TUB-Guest,nuc12
357,a0:cf:5b:00:1d:8e,wlan0,5500,nuc10,-59.00 dBm,TUB-Guest,nuc12
358,a0:cf:5b:fa:41:de,wlan0,5660,nuc10,-72.00 dBm,TUB-Guest,nuc12
359,a0:cf:5b:fa:41:dd,wlan1,5660,nuc10,-81.00 dBm,TUB-intern,nuc12
360,a0:cf:5b:3f:bf:cd,wlan0,5240,nuc10,-76.00 dBm,TUB-intern,nuc12
361,a0:cf:5b:3f:bd:fd,wlan0,5300,nuc10,-66.00 dBm,TUB-intern,nuc12
362,a0:cf:5b:00:1d:8d,wlan0,5500,nuc10,-75.00 dBm,TUB-intern,nuc12
363,a0:cf:5b:fa:41:dd,wlan0,5660,nuc10,-72.00 dBm,TUB-intern,nuc12
364,a0:cf:5b:fa:41:dc,wlan1,5660,nuc10,-80.00 dBm,eduroam,nuc12
365,a0:cf:5b:3f:bf:cc,wlan0,5240,nuc10,-75.00 dBm,eduroam,nuc12
366,a0:cf:5b:3f:bd:fc,wlan0,5300,nuc10,-66.00 dBm,eduroam,nuc12
367,a0:cf:5b:00:1d:8c,wlan0,5500,nuc10,-74.00 dBm,eduroam,nuc12
368,a0:cf:5b:fa:41:dc,wlan0,5660,nuc10,-72.00 dBm,eduroam,nuc12
369,00:1b:b1:5d:b1:5a,wlan1,2462,nuc10,-73.00 dBm,eduroam.bowl.tu-berlin.de,nuc12
370,00:1b:b1:5d:b1:5a,wlan0,2462,nuc10,-75.00 dBm,eduroam.bowl.tu-berlin.de,nuc12
371,00:0b:6b:db:08:a0,wlan0,2462,nuc10,-77.00 dBm,eduroam.bowl.tu-berlin.de,nuc12
372,02:71:d9:74:88:d3,wlan1,2412,nuc10,-61.00 dBm,twist-test,nuc12
373,64:66:b3:ce:21:dc,wlan1,5240,nuc11,-89.00 dBm,68,nuc12
374,64:66:b3:ce:21:db,wlan1,2437,nuc11,-71.00 dBm,68-test,nuc12
375,64:66:b3:ce:21:db,wlan0,2437,nuc11,-66.00 dBm,68-test,nuc12
376,56:8b:3c:d0:48:b6,wlan1,5200,nuc11,-88.00 dBm,Intelligent-Mesh-5GHz,nuc12
377,56:8b:3c:d0:48:b6,wlan0,5200,nuc11,-83.00 dBm,Intelligent-Mesh-5GHz,nuc12
378,a0:cf:5b:3f:87:4e,wlan0,5660,nuc11,-76.00 dBm,TUB-Guest,nuc12
379,a0:cf:5b:3f:87:4d,wlan1,5660,nuc11,-78.00 dBm,TUB-intern,nuc12
380,a0:cf:5b:3f:87:4d,wlan0,5660,nuc11,-75.00 dBm,TUB-intern,nuc12
381,a0:cf:5b:3f:87:4c,wlan1,5660,nuc11,-66.00 dBm,eduroam,nuc12
382,a0:cf:5b:3f:87:4c,wlan0,5660,nuc11,-76.00 dBm,eduroam,nuc12
383,a0:cf:5b:9f:68:63,wlan0,2412,nuc11,-57.00 dBm,eduroam,nuc12
384,64:66:b3:ce:21:dc,wlan1,5240,nuc13,-52.00 dBm,68,nuc12
385,64:66:b3:ce:21:dc,wlan0,5240,nuc13,-62.00 dBm,68,nuc12
386,64:66:b3:ce:21:db,wlan1,2437,nuc13,-46.00 dBm,68-test,nuc12
387,64:66:b3:ce:21:db,wlan0,2437,nuc13,-43.00 dBm,68-test,nuc12
388,28:f0:76:71:45:92,wlan0,2462,nuc13,-78.00 dBm,MyNet,nuc12
389,a0:cf:5b:3f:bd:fe,wlan1,5300,nuc13,-80.00 dBm,TUB-Guest,nuc12
390,a0:cf:5b:3f:87:4e,wlan1,5660,nuc13,-69.00 dBm,TUB-Guest,nuc12
391,a0:cf:5b:3f:bd:fe,wlan0,5300,nuc13,-76.00 dBm,TUB-Guest,nuc12
392,a0:cf:5b:3f:87:4e,wlan0,5660,nuc13,-51.00 dBm,TUB-Guest,nuc12
393,a0:cf:5b:3f:bd:fd,wlan1,5300,nuc13,-79.00 dBm,TUB-intern,nuc12
394,a0:cf:5b:3f:87:4d,wlan1,5660,nuc13,-68.00 dBm,TUB-intern,nuc12
395,a0:cf:5b:3f:bd:fd,wlan0,5300,nuc13,-59.00 dBm,TUB-intern,nuc12
396,a0:cf:5b:3f:87:4d,wlan0,5660,nuc13,-63.00 dBm,TUB-intern,nuc12
397,a0:cf:5b:3f:bd:fc,wlan1,5300,nuc13,-79.00 dBm,eduroam,nuc12
398,a0:cf:5b:3f:87:4c,wlan1,5660,nuc13,-68.00 dBm,eduroam,nuc12
399,a0:cf:5b:3f:87:4c,wlan0,5660,nuc13,-63.00 dBm,eduroam,nuc12
400,a0:cf:5b:3d:7d:a3,wlan0,2462,nuc13,-72.00 dBm,eduroam,nuc12
401,64:66:b3:ce:21:db,wlan1,2437,nuc4,-74.00 dBm,68-test,nuc12
402,64:66:b3:ce:21:db,wlan0,2437,nuc4,-75.00 dBm,68-test,nuc12
403,56:8b:3c:d0:48:b6,wlan1,5200,nuc4,-59.00 dBm,Intelligent-Mesh-5GHz,nuc12
404,56:8b:3c:d0:48:b6,wlan0,5200,nuc4,-51.00 dBm,Intelligent-Mesh-5GHz,nuc12
405,a0:cf:5b:00:1d:8e,wlan1,5500,nuc4,-73.00 dBm,TUB-Guest,nuc12
406,a0:cf:5b:fa:41:de,wlan1,5660,nuc4,-74.00 dBm,TUB-Guest,nuc12
407,a0:cf:5b:3f:bd:fe,wlan1,5300,nuc4,-83.00 dBm,TUB-Guest,nuc12
408,a0:cf:5b:3f:bf:ce,wlan1,5240,nuc4,-82.00 dBm,TUB-Guest,nuc12
409,a0:cf:5b:3f:bf:ce,wlan0,5240,nuc4,-74.00 dBm,TUB-Guest,nuc12
410,a0:cf:5b:00:1d:8d,wlan1,5500,nuc4,-73.00 dBm,TUB-intern,nuc12
411,a0:cf:5b:fa:41:dd,wlan1,5660,nuc4,-75.00 dBm,TUB-intern,nuc12
412,a0:cf:5b:3f:bf:cd,wlan1,5240,nuc4,-82.00 dBm,TUB-intern,nuc12
413,a0:cf:5b:3f:bd:fd,wlan1,5300,nuc4,-83.00 dBm,TUB-intern,nuc12
414,a0:cf:5b:3f:bf:cd,wlan0,5240,nuc4,-75.00 dBm,TUB-intern,nuc12
415,a0:cf:5b:9f:68:62,wlan0,2412,nuc4,-70.00 dBm,TUB-intern,nuc12
416,a0:cf:5b:fa:41:dc,wlan1,5660,nuc4,-74.00 dBm,eduroam,nuc12
417,a0:cf:5b:3f:bd:fc,wlan1,5300,nuc4,-83.00 dBm,eduroam,nuc12
418,a0:cf:5b:00:1d:8c,wlan1,5500,nuc4,-73.00 dBm,eduroam,nuc12
419,a0:cf:5b:3f:bf:cc,wlan1,5240,nuc4,-82.00 dBm,eduroam,nuc12
420,a0:cf:5b:3f:bf:cc,wlan0,5240,nuc4,-74.00 dBm,eduroam,nuc12
421,00:1b:b1:5d:b1:5a,wlan1,2462,nuc4,-73.00 dBm,eduroam.bowl.tu-berlin.de,nuc12
422,00:1b:b1:5d:b1:5a,wlan0,2462,nuc4,-74.00 dBm,eduroam.bowl.tu-berlin.de,nuc12
423,02:71:d9:74:88:d3,wlan1,2412,nuc4,-65.00 dBm,twist-test,nuc12
424,02:71:d9:74:88:d3,wlan0,2412,nuc4,-72.00 dBm,twist-test,nuc12
425,64:66:b3:ce:21:dc,wlan1,5240,nuc6,-85.00 dBm,68,nuc12
426,64:66:b3:ce:21:dc,wlan0,5240,nuc6,-71.00 dBm,68,nuc12
427,64:66:b3:ce:21:db,wlan1,2437,nuc6,-68.00 dBm,68-test,nuc12
428,64:66:b3:ce:21:db,wlan0,2437,nuc6,-59.00 dBm,68-test,nuc12
429,56:8b:3c:d0:48:b6,wlan1,5200,nuc6,-90.00 dBm,Intelligent-Mesh-5GHz,nuc12
430,a0:cf:5b:3f:bd:fe,wlan1,5300,nuc6,-57.00 dBm,TUB-Guest,nuc12
431,a0:cf:5b:3f:91:7e,wlan0,5260,nuc6,-77.00 dBm,TUB-Guest,nuc12
432,a0:cf:5b:3f:bd:fe,wlan0,5300,nuc6,-32.00 dBm,TUB-Guest,nuc12
433,a0:cf:5b:3f:87:4e,wlan0,5660,nuc6,-69.00 dBm,TUB-Guest,nuc12
434,a0:cf:5b:3f:bd:fd,wlan1,5300,nuc6,-56.00 dBm,TUB-intern,nuc12
435,a0:cf:5b:3f:91:7d,wlan1,5260,nuc6,-83.00 dBm,TUB-intern,nuc12
436,a0:cf:5b:3f:bd:fd,wlan0,5300,nuc6,-45.00 dBm,TUB-intern,nuc12
437,a0:cf:5b:3f:87:4d,wlan0,5660,nuc6,-69.00 dBm,TUB-intern,nuc12
438,a0:cf:5b:3f:91:7d,wlan0,5260,nuc6,-76.00 dBm,TUB-intern,nuc12
439,a0:cf:5b:3f:bd:fc,wlan1,5300,nuc6,-57.00 dBm,eduroam,nuc12
440,a0:cf:5b:3f:91:7c,wlan1,5260,nuc6,-84.00 dBm,eduroam,nuc12
441,a0:cf:5b:3f:bd:fc,wlan0,5300,nuc6,-42.00 dBm,eduroam,nuc12
442,a0:cf:5b:3f:87:4c,wlan0,5660,nuc6,-65.00 dBm,eduroam,nuc12
443,a0:cf:5b:3f:91:7c,wlan0,5260,nuc6,-77.00 dBm,eduroam,nuc12
444,64:66:b3:ce:21:db,wlan0,2437,nuc10,-78.00 dBm,68-test,nuc12
445,90:72:40:10:43:8a,wlan1,2437,nuc10,-81.00 dBm,ABTC,nuc12
446,56:8b:3c:d0:48:b6,wlan1,5200,nuc10,-79.00 dBm,Intelligent-Mesh-5GHz,nuc12
447,56:8b:3c:d0:48:b6,wlan0,5200,nuc10,-63.00 dBm,Intelligent-Mesh-5GHz,nuc12
448,a0:cf:5b:fa:41:de,wlan1,5660,nuc10,-73.00 dBm,TUB-Guest,nuc12
449,a0:cf:5b:3f:bd:fe,wlan1,5300,nuc10,-81.00 dBm,TUB-Guest,nuc12
450,a0:cf:5b:3f:bf:ce,wlan0,5240,nuc10,-79.00 dBm,TUB-Guest,nuc12
451,a0:cf:5b:3f:bd:fe,wlan0,5300,nuc10,-62.00 dBm,TUB-Guest,nuc12
452,a0:cf:5b:00:1d:8e,wlan0,5500,nuc10,-75.00 dBm,TUB-Guest,nuc12
453,a0:cf:5b:fa:41:de,wlan0,5660,nuc10,-61.00 dBm,TUB-Guest,nuc12
454,a0:cf:5b:fa:41:dd,wlan1,5660,nuc10,-77.00 dBm,TUB-intern,nuc12
455,a0:cf:5b:3f:bf:cd,wlan0,5240,nuc10,-78.00 dBm,TUB-intern,nuc12
456,a0:cf:5b:3f:bd:fd,wlan0,5300,nuc10,-65.00 dBm,TUB-intern,nuc12
457,a0:cf:5b:00:1d:8d,wlan0,5500,nuc10,-76.00 dBm,TUB-intern,nuc12
458,a0:cf:5b:fa:41:dd,wlan0,5660,nuc10,-72.00 dBm,TUB-intern,nuc12
459,a0:cf:5b:fa:41:dc,wlan1,5660,nuc10,-78.00 dBm,eduroam,nuc12
460,a0:cf:5b:3f:bf:cc,wlan0,5240,nuc10,-79.00 dBm,eduroam,nuc12
461,a0:cf:5b:3f:bd:fc,wlan0,5300,nuc10,-66.00 dBm,eduroam,nuc12
462,a0:cf:5b:00:1d:8c,wlan0,5500,nuc10,-74.00 dBm,eduroam,nuc12
463,a0:cf:5b:fa:41:dc,wlan0,5660,nuc10,-71.00 dBm,eduroam,nuc12
464,00:1b:b1:5d:b1:5a,wlan1,2462,nuc10,-50.00 dBm,eduroam.bowl.tu-berlin.de,nuc12
465,00:0b:6b:db:08:a0,wlan1,2462,nuc10,-79.00 dBm,eduroam.bowl.tu-berlin.de,nuc12
466,00:1b:b1:5d:b1:5a,wlan0,2462,nuc10,-61.00 dBm,eduroam.bowl.tu-berlin.de,nuc12
467,00:0b:6b:db:08:a0,wlan0,2462,nuc10,-78.00 dBm,eduroam.bowl.tu-berlin.de,nuc12
468,02:71:d9:74:88:d3,wlan1,5240,nuc10,-82.00 dBm,twist-test,nuc12
469,64:66:b3:ce:21:db,wlan1,2437,nuc11,-77.00 dBm,68-test,nuc12
470,64:66:b3:ce:21:db,wlan0,2437,nuc11,-66.00 dBm,68-test,nuc12
471,56:8b:3c:d0:48:b6,wlan1,5200,nuc11,-87.00 dBm,Intelligent-Mesh-5GHz,nuc12
472,56:8b:3c:d0:48:b6,wlan0,5200,nuc11,-84.00 dBm,Intelligent-Mesh-5GHz,nuc12
473,a0:cf:5b:3f:87:4e,wlan1,5660,nuc11,-78.00 dBm,TUB-Guest,nuc12
474,a0:cf:5b:3f:87:4d,wlan1,5660,nuc11,-79.00 dBm,TUB-intern,nuc12
475,a0:cf:5b:3f:87:4d,wlan0,5660,nuc11,-79.00 dBm,TUB-intern,nuc12
476,a0:cf:5b:3f:87:4c,wlan1,5660,nuc11,-78.00 dBm,eduroam,nuc12
477,a0:cf:5b:3f:87:4c,wlan0,5660,nuc11,-78.00 dBm,eduroam,nuc12
478,64:66:b3:ce:21:dc,wlan1,5240,nuc13,-56.00 dBm,68,nuc12
479,64:66:b3:ce:21:dc,wlan0,5240,nuc13,-62.00 dBm,68,nuc12
480,64:66:b3:ce:21:db,wlan1,2437,nuc13,-45.00 dBm,68-test,nuc12
481,64:66:b3:ce:21:db,wlan0,2437,nuc13,-43.00 dBm,68-test,nuc12
482,28:f0:76:71:45:92,wlan0,2462,nuc13,-79.00 dBm,MyNet,nuc12
483,a0:cf:5b:3f:bd:fe,wlan1,5300,nuc13,-79.00 dBm,TUB-Guest,nuc12
484,a0:cf:5b:3f:87:4e,wlan1,5660,nuc13,-68.00 dBm,TUB-Guest,nuc12
485,a0:cf:5b:3f:bd:fe,wlan0,5300,nuc13,-76.00 dBm,TUB-Guest,nuc12
486,a0:cf:5b:3f:87:4e,wlan0,5660,nuc13,-51.00 dBm,TUB-Guest,nuc12
487,a0:cf:5b:3f:bd:fd,wlan1,5300,nuc13,-79.00 dBm,TUB-intern,nuc12
488,a0:cf:5b:3f:87:4d,wlan1,5660,nuc13,-68.00 dBm,TUB-intern,nuc12
489,a0:cf:5b:3f:bd:fd,wlan0,5300,nuc13,-60.00 dBm,TUB-intern,nuc12
490,a0:cf:5b:3f:87:4d,wlan0,5660,nuc13,-62.00 dBm,TUB-intern,nuc12
491,a0:cf:5b:3f:bd:fc,wlan1,5300,nuc13,-80.00 dBm,eduroam,nuc12
492,a0:cf:5b:3f:87:4c,wlan1,5660,nuc13,-66.00 dBm,eduroam,nuc12
493,a0:cf:5b:3f:87:4c,wlan0,5660,nuc13,-62.00 dBm,eduroam,nuc12
494,a0:cf:5b:3d:7d:a3,wlan0,2462,nuc13,-53.00 dBm,eduroam,nuc12
495,64:66:b3:ce:21:db,wlan1,2437,nuc4,-71.00 dBm,68-test,nuc12
496,64:66:b3:ce:21:db,wlan0,2437,nuc4,-81.00 dBm,68-test,nuc12
497,00:24:fe:08:53:cd,wlan1,2412,nuc4,-82.00 dBm,FG_ENSYS,nuc12
498,56:8b:3c:d0:48:b6,wlan1,5200,nuc4,-57.00 dBm,Intelligent-Mesh-5GHz,nuc12
499,56:8b:3c:d0:48:b6,wlan0,5200,nuc4,-52.00 dBm,Intelligent-Mesh-5GHz,nuc12
500,a0:cf:5b:00:1d:8e,wlan1,5500,nuc4,-79.00 dBm,TUB-Guest,nuc12
501,a0:cf:5b:fa:41:de,wlan1,5660,nuc4,-74.00 dBm,TUB-Guest,nuc12
502,a0:cf:5b:3f:bf:ce,wlan1,5240,nuc4,-81.00 dBm,TUB-Guest,nuc12
503,a0:cf:5b:3f:bf:ce,wlan0,5240,nuc4,-74.00 dBm,TUB-Guest,nuc12
504,a0:cf:5b:9f:68:61,wlan0,2412,nuc4,-68.00 dBm,TUB-Guest,nuc12
505,a0:cf:5b:00:1d:8d,wlan1,5500,nuc4,-79.00 dBm,TUB-intern,nuc12
506,a0:cf:5b:fa:41:dd,wlan1,5660,nuc4,-74.00 dBm,TUB-intern,nuc12
507,a0:cf:5b:3f:bf:cd,wlan1,5240,nuc4,-82.00 dBm,TUB-intern,nuc12
508,a0:cf:5b:3f:bd:fd,wlan1,5300,nuc4,-80.00 dBm,TUB-intern,nuc12
509,a0:cf:5b:3f:bf:cd,wlan0,5240,nuc4,-74.00 dBm,TUB-intern,nuc12
510,a0:cf:5b:fa:41:dc,wlan1,5660,nuc4,-62.00 dBm,eduroam,nuc12
511,a0:cf:5b:00:1d:8c,wlan1,5500,nuc4,-78.00 dBm,eduroam,nuc12
512,a0:cf:5b:3f:bf:cc,wlan1,5240,nuc4,-82.00 dBm,eduroam,nuc12
513,a0:cf:5b:3f:bf:cc,wlan0,5240,nuc4,-74.00 dBm,eduroam,nuc12
514,a0:cf:5b:9f:68:63,wlan0,2412,nuc4,-69.00 dBm,eduroam,nuc12
515,00:1b:b1:5d:b1:5a,wlan1,2462,nuc4,-48.00 dBm,eduroam.bowl.tu-berlin.de,nuc12
516,64:66:b3:ce:21:dc,wlan1,5240,nuc6,-86.00 dBm,68,nuc12
517,64:66:b3:ce:21:dc,wlan0,5240,nuc6,-78.00 dBm,68,nuc12
518,64:66:b3:ce:21:db,wlan1,2437,nuc6,-41.00 dBm,68-test,nuc12
519,64:66:b3:ce:21:db,wlan0,2437,nuc6,-51.00 dBm,68-test,nuc12
520,56:8b:3c:d0:48:b6,wlan1,5200,nuc6,-90.00 dBm,Intelligent-Mesh-5GHz,nuc12
521,a0:cf:5b:3f:bd:fe,wlan1,5300,nuc6,-53.00 dBm,TUB-Guest,nuc12
522,a0:cf:5b:3f:91:7e,wlan1,5260,nuc6,-83.00 dBm,TUB-Guest,nuc12
523,a0:cf:5b:3f:91:7e,wlan0,5260,nuc6,-77.00 dBm,TUB-Guest,nuc12
524,a0:cf:5b:3f:bd:fe,wlan0,5300,nuc6,-42.00 dBm,TUB-Guest,nuc12
525,a0:cf:5b:3f:87:4e,wlan0,5660,nuc6,-68.00 dBm,TUB-Guest,nuc12
526,a0:cf:5b:3f:bd:fd,wlan1,5300,nuc6,-58.00 dBm,TUB-intern,nuc12
527,a0:cf:5b:3f:91:7d,wlan1,5260,nuc6,-86.00 dBm,TUB-intern,nuc12
528,a0:cf:5b:3f:bd:fd,wlan0,5300,nuc6,-42.00 dBm,TUB-intern,nuc12
529,a0:cf:5b:3f:87:4d,wlan0,5660,nuc6,-69.00 dBm,TUB-intern,nuc12
530,a0:cf:5b:3f:91:7d,wlan0,5260,nuc6,-66.00 dBm,TUB-intern,nuc12
531,a0:cf:5b:3f:bd:fc,wlan1,5300,nuc6,-57.00 dBm,eduroam,nuc12
532,a0:cf:5b:3f:91:7c,wlan1,5260,nuc6,-84.00 dBm,eduroam,nuc12
533,a0:cf:5b:3f:bd:fc,wlan0,5300,nuc6,-32.00 dBm,eduroam,nuc12
534,a0:cf:5b:3f:87:4c,wlan0,5660,nuc6,-69.00 dBm,eduroam,nuc12
535,02:71:d9:74:88:d3,wlan1,5240,nuc6,-86.00 dBm,twist-test,nuc12
536,64:66:b3:ce:21:db,wlan0,2437,nuc10,-73.00 dBm,68-test,nuc13
537,90:72:40:10:43:8a,wlan1,2437,nuc10,-84.00 dBm,ABTC,nuc13
538,56:8b:3c:d0:48:b6,wlan0,5200,nuc10,-63.00 dBm,Intelligent-Mesh-5GHz,nuc13
539,a0:cf:5b:fa:41:de,wlan1,5660,nuc10,-80.00 dBm,TUB-Guest,nuc13
540,a0:cf:5b:3f:bd:fe,wlan0,5300,nuc10,-66.00 dBm,TUB-Guest,nuc13
541,a0:cf:5b:00:1d:8e,wlan0,5500,nuc10,-75.00 dBm,TUB-Guest,nuc13
542,a0:cf:5b:fa:41:de,wlan0,5660,nuc10,-73.00 dBm,TUB-Guest,nuc13
543,a0:cf:5b:fa:41:dd,wlan1,5660,nuc10,-81.00 dBm,TUB-intern,nuc13
544,a0:cf:5b:3f:bd:fd,wlan0,5300,nuc10,-66.00 dBm,TUB-intern,nuc13
545,a0:cf:5b:00:1d:8d,wlan0,5500,nuc10,-76.00 dBm,TUB-intern,nuc13
546,a0:cf:5b:fa:41:dd,wlan0,5660,nuc10,-61.00 dBm,TUB-intern,nuc13
547,a0:cf:5b:fa:41:dc,wlan1,5660,nuc10,-80.00 dBm,eduroam,nuc13
548,a0:cf:5b:3f:bd:fc,wlan0,5300,nuc10,-55.00 dBm,eduroam,nuc13
549,a0:cf:5b:00:1d:8c,wlan0,5500,nuc10,-61.00 dBm,eduroam,nuc13
550,a0:cf:5b:fa:41:dc,wlan0,5660,nuc10,-74.00 dBm,eduroam,nuc13
551,00:1b:b1:5d:b1:5a,wlan1,2462,nuc10,-73.00 dBm,eduroam.bowl.tu-berlin.de,nuc13
552,64:66:b3:ce:21:dc,wlan1,5240,nuc11,-88.00 dBm,68,nuc13
553,64:66:b3:ce:21:db,wlan1,2437,nuc11,-70.00 dBm,68-test,nuc13
554,64:66:b3:ce:21:db,wlan0,2437,nuc11,-53.00 dBm,68-test,nuc13
555,56:8b:3c:d0:48:b6,wlan1,5200,nuc11,-86.00 dBm,Intelligent-Mesh-5GHz,nuc13
556,56:8b:3c:d0:48:b6,wlan0,5200,nuc11,-82.00 dBm,Intelligent-Mesh-5GHz,nuc13
557,a0:cf:5b:3f:87:4e,wlan1,5660,nuc11,-79.00 dBm,TUB-Guest,nuc13
558,a0:cf:5b:3f:87:4e,wlan0,5660,nuc11,-78.00 dBm,TUB-Guest,nuc13
559,a0:cf:5b:3f:87:4d,wlan1,5660,nuc11,-78.00 dBm,TUB-intern,nuc13
560,a0:cf:5b:3f:87:4d,wlan0,5660,nuc11,-77.00 dBm,TUB-intern,nuc13
561,a0:cf:5b:3f:87:4c,wlan1,5660,nuc11,-67.00 dBm,eduroam,nuc13
562,a0:cf:5b:3f:87:4c,wlan0,5660,nuc11,-78.00 dBm,eduroam,nuc13
563,02:5d:60:77:86:67,wlan1,2412,nuc11,-80.00 dBm,twist-test,nuc13
564,02:5d:60:77:86:67,wlan0,2412,nuc11,-75.00 dBm,twist-test,nuc13
565,56:8b:3c:d0:48:b6,wlan1,5200,nuc12,-84.00 dBm,Intelligent-Mesh-5GHz,nuc13
566,56:8b:3c:d0:48:b6,wlan0,5200,nuc12,-59.00 dBm,Intelligent-Mesh-5GHz,nuc13
567,98:fc:11:dd:94:76,wlan0,2457,nuc12,-80.00 dBm,ResFi40,nuc13
568,a0:cf:5b:00:1d:8e,wlan1,5500,nuc12,-67.00 dBm,TUB-Guest,nuc13
569,a0:cf:5b:3f:bd:fe,wlan0,5300,nuc12,-80.00 dBm,TUB-Guest,nuc13
570,a0:cf:5b:3f:91:7e,wlan0,5260,nuc12,-80.00 dBm,TUB-Guest,nuc13
571,a0:cf:5b:00:1d:8d,wlan1,5500,nuc12,-67.00 dBm,TUB-intern,nuc13
572,a0:cf:5b:3f:bd:fd,wlan0,5300,nuc12,-67.00 dBm,TUB-intern,nuc13
573,a0:cf:5b:3f:91:7d,wlan0,5260,nuc12,-80.00 dBm,TUB-intern,nuc13
574,a0:cf:5b:00:1d:8c,wlan1,5500,nuc12,-55.00 dBm,eduroam,nuc13
575,a0:cf:5b:3f:bd:fc,wlan0,5300,nuc12,-79.00 dBm,eduroam,nuc13
576,a0:cf:5b:3f:91:7c,wlan0,5260,nuc12,-69.00 dBm,eduroam,nuc13
577,a0:cf:5b:9f:68:63,wlan0,2412,nuc12,-52.00 dBm,eduroam,nuc13
578,00:0b:6b:db:08:9e,wlan1,2462,nuc12,-81.00 dBm,eduroam.bowl.tu-berlin.de,nuc13
579,00:0b:6b:db:08:a0,wlan1,2462,nuc12,-79.00 dBm,eduroam.bowl.tu-berlin.de,nuc13
580,00:1b:b1:5d:b1:5a,wlan1,2462,nuc12,-78.00 dBm,eduroam.bowl.tu-berlin.de,nuc13
581,64:66:b3:ce:21:db,wlan1,2437,nuc4,-71.00 dBm,68-test,nuc13
582,64:66:b3:ce:21:db,wlan0,2437,nuc4,-79.00 dBm,68-test,nuc13
583,00:24:fe:08:53:cd,wlan1,2412,nuc4,-72.00 dBm,FG_ENSYS,nuc13
584,56:8b:3c:d0:48:b6,wlan1,5200,nuc4,-57.00 dBm,Intelligent-Mesh-5GHz,nuc13
585,56:8b:3c:d0:48:b6,wlan0,5200,nuc4,-51.00 dBm,Intelligent-Mesh-5GHz,nuc13
586,a0:cf:5b:00:1d:8e,wlan1,5500,nuc4,-79.00 dBm,TUB-Guest,nuc13
587,a0:cf:5b:fa:41:de,wlan1,5660,nuc4,-66.00 dBm,TUB-Guest,nuc13
588,a0:cf:5b:3f:bf:ce,wlan1,5240,nuc4,-83.00 dBm,TUB-Guest,nuc13
589,a0:cf:5b:3f:bf:ce,wlan0,5240,nuc4,-74.00 dBm,TUB-Guest,nuc13
590,a0:cf:5b:00:1d:8d,wlan1,5500,nuc4,-78.00 dBm,TUB-intern,nuc13
591,a0:cf:5b:fa:41:dd,wlan1,5660,nuc4,-76.00 dBm,TUB-intern,nuc13
592,a0:cf:5b:3f:bf:cd,wlan1,5240,nuc4,-82.00 dBm,TUB-intern,nuc13
593,a0:cf:5b:3f:bf:cd,wlan0,5240,nuc4,-74.00 dBm,TUB-intern,nuc13
594,a0:cf:5b:fa:41:dc,wlan1,5660,nuc4,-77.00 dBm,eduroam,nuc13
595,a0:cf:5b:00:1d:8c,wlan1,5500,nuc4,-78.00 dBm,eduroam,nuc13
596,a0:cf:5b:3f:bf:cc,wlan1,5240,nuc4,-82.00 dBm,eduroam,nuc13
597,a0:cf:5b:9f:68:63,wlan1,2412,nuc4,-62.00 dBm,eduroam,nuc13
598,a0:cf:5b:3f:bf:cc,wlan0,5240,nuc4,-74.00 dBm,eduroam,nuc13
599,00:1b:b1:5d:b1:5a,wlan1,2462,nuc4,-72.00 dBm,eduroam.bowl.tu-berlin.de,nuc13
600,64:66:b3:ce:21:dc,wlan1,5240,nuc6,-84.00 dBm,68,nuc13
601,64:66:b3:ce:21:dc,wlan0,5240,nuc6,-72.00 dBm,68,nuc13
602,64:66:b3:ce:21:db,wlan1,2437,nuc6,-63.00 dBm,68-test,nuc13
603,64:66:b3:ce:21:db,wlan0,2437,nuc6,-60.00 dBm,68-test,nuc13
604,56:8b:3c:d0:48:b6,wlan1,5200,nuc6,-90.00 dBm,Intelligent-Mesh-5GHz,nuc13
605,a0:cf:5b:3f:bd:fe,wlan1,5300,nuc6,-58.00 dBm,TUB-Guest,nuc13
606,a0:cf:5b:3f:91:7e,wlan0,5260,nuc6,-77.00 dBm,TUB-Guest,nuc13
607,a0:cf:5b:3f:bd:fe,wlan0,5300,nuc6,-43.00 dBm,TUB-Guest,nuc13
608,a0:cf:5b:3f:87:4e,wlan0,5660,nuc6,-69.00 dBm,TUB-Guest,nuc13
609,a0:cf:5b:3f:bd:fd,wlan1,5300,nuc6,-58.00 dBm,TUB-intern,nuc13
610,a0:cf:5b:3f:bd:fd,wlan0,5300,nuc6,-42.00 dBm,TUB-intern,nuc13
611,a0:cf:5b:3f:87:4d,wlan0,5660,nuc6,-65.00 dBm,TUB-intern,nuc13
612,a0:cf:5b:3f:91:7d,wlan0,5260,nuc6,-67.00 dBm,TUB-intern,nuc13
613,a0:cf:5b:3f:bd:fc,wlan1,5300,nuc6,-58.00 dBm,eduroam,nuc13
614,a0:cf:5b:3f:91:7c,wlan1,5260,nuc6,-84.00 dBm,eduroam,nuc13
615,a0:cf:5b:3f:bd:fc,wlan0,5300,nuc6,-42.00 dBm,eduroam,nuc13
616,a0:cf:5b:3f:87:4c,wlan0,5660,nuc6,-68.00 dBm,eduroam,nuc13
617,a0:cf:5b:3f:91:7c,wlan0,5260,nuc6,-77.00 dBm,eduroam,nuc13
618,02:5d:60:77:86:67,wlan1,2412,nuc6,-79.00 dBm,twist-test,nuc13
619,64:66:b3:ce:21:db,wlan0,2437,nuc10,-76.00 dBm,68-test,nuc13
620,90:72:40:10:43:8a,wlan1,2437,nuc10,-81.00 dBm,ABTC,nuc13
621,56:8b:3c:d0:48:b6,wlan1,5200,nuc10,-79.00 dBm,Intelligent-Mesh-5GHz,nuc13
622,56:8b:3c:d0:48:b6,wlan0,5200,nuc10,-63.00 dBm,Intelligent-Mesh-5GHz,nuc13
623,a0:cf:5b:fa:41:de,wlan1,5660,nuc10,-80.00 dBm,TUB-Guest,nuc13
624,a0:cf:5b:00:1d:8e,wlan1,5500,nuc10,-81.00 dBm,TUB-Guest,nuc13
625,a0:cf:5b:3f:bd:fe,wlan0,5300,nuc10,-52.00 dBm,TUB-Guest,nuc13
626,a0:cf:5b:00:1d:8e,wlan0,5500,nuc10,-74.00 dBm,TUB-Guest,nuc13
627,a0:cf:5b:fa:41:de,wlan0,5660,nuc10,-75.00 dBm,TUB-Guest,nuc13
628,a0:cf:5b:9f:68:61,wlan0,2412,nuc10,-51.00 dBm,TUB-Guest,nuc13
629,a0:cf:5b:3f:bf:ce,wlan0,5240,nuc10,-78.00 dBm,TUB-Guest,nuc13
630,a0:cf:5b:fa:41:dd,wlan1,5660,nuc10,-81.00 dBm,TUB-intern,nuc13
631,a0:cf:5b:3f:bd:fd,wlan0,5300,nuc10,-66.00 dBm,TUB-intern,nuc13
632,a0:cf:5b:00:1d:8d,wlan0,5500,nuc10,-59.00 dBm,TUB-intern,nuc13
633,a0:cf:5b:fa:41:dd,wlan0,5660,nuc10,-74.00 dBm,TUB-intern,nuc13
634,a0:cf:5b:3f:bf:cd,wlan0,5240,nuc10,-79.00 dBm,TUB-intern,nuc13
635,a0:cf:5b:fa:41:dc,wlan1,5660,nuc10,-75.00 dBm,eduroam,nuc13
636,a0:cf:5b:3f:bd:fc,wlan0,5300,nuc10,-66.00 dBm,eduroam,nuc13
637,a0:cf:5b:00:1d:8c,wlan0,5500,nuc10,-73.00 dBm,eduroam,nuc13
638,a0:cf:5b:fa:41:dc,wlan0,5660,nuc10,-74.00 dBm,eduroam,nuc13
639,a0:cf:5b:9f:68:63,wlan0,2412,nuc10,-69.00 dBm,eduroam,nuc13
640,00:1b:b1:5d:b1:5a,wlan1,2462,nuc10,-51.00 dBm,eduroam.bowl.tu-berlin.de,nuc13
641,00:0b:6b:db:08:a0,wlan1,2462,nuc10,-79.00 dBm,eduroam.bowl.tu-berlin.de,nuc13
642,00:0b:6b:db:08:a0,wlan0,2462,nuc10,-80.00 dBm,eduroam.bowl.tu-berlin.de,nuc13
643,64:66:b3:ce:21:db,wlan1,2437,nuc11,-78.00 dBm,68-test,nuc13
644,64:66:b3:ce:21:db,wlan0,2437,nuc11,-52.00 dBm,68-test,nuc13
645,56:8b:3c:d0:48:b6,wlan1,5200,nuc11,-85.00 dBm,Intelligent-Mesh-5GHz,nuc13
646,56:8b:3c:d0:48:b6,wlan0,5200,nuc11,-83.00 dBm,Intelligent-Mesh-5GHz,nuc13
647,a0:cf:5b:3f:87:4d,wlan1,5660,nuc11,-79.00 dBm,TUB-intern,nuc13
648,a0:cf:5b:3f:87:4d,wlan0,5660,nuc11,-66.00 dBm,TUB-intern,nuc13
649,a0:cf:5b:3f:87:4c,wlan0,5660,nuc11,-77.00 dBm,eduroam,nuc13
650,00:1b:b1:5d:b1:5a,wlan1,2462,nuc11,-62.00 dBm,eduroam.bowl.tu-berlin.de,nuc13
651,56:8b:3c:d0:48:b6,wlan0,5200,nuc12,-68.00 dBm,Intelligent-Mesh-5GHz,nuc13
652,98:fc:11:dd:94:76,wlan0,2457,nuc12,-81.00 dBm,ResFi40,nuc13
653,a0:cf:5b:00:1d:8e,wlan1,5500,nuc12,-68.00 dBm,TUB-Guest,nuc13
654,a0:cf:5b:3f:bd:fe,wlan0,5300,nuc12,-76.00 dBm,TUB-Guest,nuc13
655,a0:cf:5b:3f:91:7e,wlan0,5260,nuc12,-79.00 dBm,TUB-Guest,nuc13
656,a0:cf:5b:9f:68:61,wlan0,2412,nuc12,-72.00 dBm,TUB-Guest,nuc13
657,a0:cf:5b:00:1d:8d,wlan1,5500,nuc12,-67.00 dBm,TUB-intern,nuc13
658,a0:cf:5b:9f:68:62,wlan1,2412,nuc12,-73.00 dBm,TUB-intern,nuc13
659,a0:cf:5b:3f:bd:fd,wlan0,5300,nuc12,-76.00 dBm,TUB-intern,nuc13
660,a0:cf:5b:3f:91:7d,wlan0,5260,nuc12,-80.00 dBm,TUB-intern,nuc13
661,a0:cf:5b:00:1d:8c,wlan1,5500,nuc12,-67.00 dBm,eduroam,nuc13
662,a0:cf:5b:3f:bd:fc,wlan0,5300,nuc12,-64.00 dBm,eduroam,nuc13
663,a0:cf:5b:3f:91:7c,wlan0,5260,nuc12,-80.00 dBm,eduroam,nuc13
664,00:0b:6b:db:08:9e,wlan1,2462,nuc12,-80.00 dBm,eduroam.bowl.tu-berlin.de,nuc13
665,00:0b:6b:db:08:a0,wlan1,2462,nuc12,-58.00 dBm,eduroam.bowl.tu-berlin.de,nuc13
666,64:66:b3:ce:21:db,wlan1,2437,nuc4,-73.00 dBm,68-test,nuc13
667,64:66:b3:ce:21:db,wlan0,2437,nuc4,-78.00 dBm,68-test,nuc13
668,56:8b:3c:d0:48:b6,wlan1,5200,nuc4,-57.00 dBm,Intelligent-Mesh-5GHz,nuc13
669,a0:cf:5b:fa:41:de,wlan1,5660,nuc4,-66.00 dBm,TUB-Guest,nuc13
670,a0:cf:5b:3f:bf:ce,wlan1,5240,nuc4,-83.00 dBm,TUB-Guest,nuc13
671,a0:cf:5b:3f:bf:ce,wlan0,5240,nuc4,-74.00 dBm,TUB-Guest,nuc13
672,a0:cf:5b:00:1d:8d,wlan1,5500,nuc4,-78.00 dBm,TUB-intern,nuc13
673,a0:cf:5b:fa:41:dd,wlan1,5660,nuc4,-77.00 dBm,TUB-intern,nuc13
674,a0:cf:5b:3f:bf:cd,wlan1,5240,nuc4,-83.00 dBm,TUB-intern,nuc13
675,a0:cf:5b:3f:bd:fd,wlan1,5300,nuc4,-83.00 dBm,TUB-intern,nuc13
676,a0:cf:5b:3f:bf:cd,wlan0,5240,nuc4,-75.00 dBm,TUB-intern,nuc13
677,a0:cf:5b:3f:bd:fd,wlan0,5300,nuc4,-80.00 dBm,TUB-intern,nuc13
678,a0:cf:5b:fa:41:dc,wlan1,5660,nuc4,-78.00 dBm,eduroam,nuc13
679,a0:cf:5b:00:1d:8c,wlan1,5500,nuc4,-78.00 dBm,eduroam,nuc13
680,a0:cf:5b:3f:bf:cc,wlan1,5240,nuc4,-83.00 dBm,eduroam,nuc13
681,a0:cf:5b:9f:68:63,wlan1,2412,nuc4,-61.00 dBm,eduroam,nuc13
682,a0:cf:5b:3f:bd:fc,wlan1,5300,nuc4,-80.00 dBm,eduroam,nuc13
683,a0:cf:5b:3f:bf:cc,wlan0,5240,nuc4,-75.00 dBm,eduroam,nuc13
684,00:1b:b1:5d:b1:5a,wlan1,2462,nuc4,-71.00 dBm,eduroam.bowl.tu-berlin.de,nuc13
685,00:1b:b1:5d:b1:5a,wlan0,2462,nuc4,-50.00 dBm,eduroam.bowl.tu-berlin.de,nuc13
686,64:66:b3:ce:21:dc,wlan1,5240,nuc6,-85.00 dBm,68,nuc13
687,64:66:b3:ce:21:dc,wlan0,5240,nuc6,-72.00 dBm,68,nuc13
688,64:66:b3:ce:21:db,wlan1,2437,nuc6,-45.00 dBm,68-test,nuc13
689,64:66:b3:ce:21:db,wlan0,2437,nuc6,-60.00 dBm,68-test,nuc13
690,a0:cf:5b:3f:bd:fe,wlan1,5300,nuc6,-58.00 dBm,TUB-Guest,nuc13
691,a0:cf:5b:3f:91:7e,wlan1,5260,nuc6,-85.00 dBm,TUB-Guest,nuc13
692,a0:cf:5b:3f:91:7e,wlan0,5260,nuc6,-78.00 dBm,TUB-Guest,nuc13
693,a0:cf:5b:3f:bd:fe,wlan0,5300,nuc6,-42.00 dBm,TUB-Guest,nuc13
694,a0:cf:5b:3f:87:4e,wlan0,5660,nuc6,-72.00 dBm,TUB-Guest,nuc13
695,a0:cf:5b:3f:bd:fd,wlan1,5300,nuc6,-58.00 dBm,TUB-intern,nuc13
696,a0:cf:5b:3f:91:7d,wlan1,5260,nuc6,-83.00 dBm,TUB-intern,nuc13
697,a0:cf:5b:3f:bd:fd,wlan0,5300,nuc6,-34.00 dBm,TUB-intern,nuc13
698,a0:cf:5b:3f:87:4d,wlan0,5660,nuc6,-72.00 dBm,TUB-intern,nuc13
699,a0:cf:5b:3f:91:7d,wlan0,5260,nuc6,-79.00 dBm,TUB-intern,nuc13
700,a0:cf:5b:3f:bd:fc,wlan1,5300,nuc6,-58.00 dBm,eduroam,nuc13
701,a0:cf:5b:3f:91:7c,wlan1,5260,nuc6,-84.00 dBm,eduroam,nuc13
702,a0:cf:5b:3f:bd:fc,wlan0,5300,nuc6,-41.00 dBm,eduroam,nuc13
703,a0:cf:5b:3f:87:4c,wlan0,5660,nuc6,-72.00 dBm,eduroam,nuc13
704,a0:cf:5b:3f:91:7c,wlan0,5260,nuc6,-68.00 dBm,eduroam,nuc13
705,02:5d:60:77:86:67,wlan1,5240,nuc6,-85.00 dBm,twist-test,nuc13
706,64:66:b3:ce:21:db,wlan0,2437,nuc10,-77.00 dBm,68-test,nuc4
707,90:72:40:10:43:8a,wlan1,2437,nuc10,-82.00 dBm,ABTC,nuc4
708,56:8b:3c:d0:48:b6,wlan1,5200,nuc10,-78.00 dBm,Intelligent-Mesh-5GHz,nuc4
709,56:8b:3c:d0:48:b6,wlan0,5200,nuc10,-62.00 dBm,Intelligent-Mesh-5GHz,nuc4
710,a0:cf:5b:fa:41:de,wlan1,5660,nuc10,-82.00 dBm,TUB-Guest,nuc4
711,a0:cf:5b:3f:bd:fe,wlan0,5300,nuc10,-65.00 dBm,TUB-Guest,nuc4
712,a0:cf:5b:00:1d:8e,wlan0,5500,nuc10,-76.00 dBm,TUB-Guest,nuc4
713,a0:cf:5b:fa:41:de,wlan0,5660,nuc10,-73.00 dBm,TUB-Guest,nuc4
714,a0:cf:5b:3f:bf:ce,wlan0,5240,nuc10,-79.00 dBm,TUB-Guest,nuc4
715,a0:cf:5b:fa:41:dd,wlan1,5660,nuc10,-83.00 dBm,TUB-intern,nuc4
716,a0:cf:5b:3f:bd:fd,wlan0,5300,nuc10,-55.00 dBm,TUB-intern,nuc4
717,a0:cf:5b:00:1d:8d,wlan0,5500,nuc10,-75.00 dBm,TUB-intern,nuc4
718,a0:cf:5b:fa:41:dd,wlan0,5660,nuc10,-74.00 dBm,TUB-intern,nuc4
719,a0:cf:5b:3f:bf:cd,wlan0,5240,nuc10,-78.00 dBm,TUB-intern,nuc4
720,a0:cf:5b:9f:68:62,wlan0,2412,nuc10,-51.00 dBm,TUB-intern,nuc4
721,a0:cf:5b:fa:41:dc,wlan1,5660,nuc10,-82.00 dBm,eduroam,nuc4
722,a0:cf:5b:3f:bd:fc,wlan0,5300,nuc10,-66.00 dBm,eduroam,nuc4
723,a0:cf:5b:00:1d:8c,wlan0,5500,nuc10,-75.00 dBm,eduroam,nuc4
724,a0:cf:5b:fa:41:dc,wlan0,5660,nuc10,-62.00 dBm,eduroam,nuc4
725,a0:cf:5b:3f:bf:cc,wlan0,5240,nuc10,-78.00 dBm,eduroam,nuc4
726,00:0b:6b:db:08:a0,wlan1,2462,nuc10,-79.00 dBm,eduroam.bowl.tu-berlin.de,nuc4
727,02:71:d9:74:ac:49,wlan1,2412,nuc10,-68.00 dBm,twist-test,nuc4
728,02:71:d9:74:ac:49,wlan0,2412,nuc10,-63.00 dBm,twist-test,nuc4
729,64:66:b3:ce:21:db,wlan1,2437,nuc11,-80.00 dBm,68-test,nuc4
730,64:66:b3:ce:21:db,wlan0,2437,nuc11,-65.00 dBm,68-test,nuc4
731,56:8b:3c:d0:48:b6,wlan1,5200,nuc11,-85.00 dBm,Intelligent-Mesh-5GHz,nuc4
732,56:8b:3c:d0:48:b6,wlan0,5200,nuc11,-82.00 dBm,Intelligent-Mesh-5GHz,nuc4
733,a0:cf:5b:3f:87:4e,wlan1,5660,nuc11,-78.00 dBm,TUB-Guest,nuc4
734,a0:cf:5b:3f:87:4e,wlan0,5660,nuc11,-78.00 dBm,TUB-Guest,nuc4
735,a0:cf:5b:3f:87:4d,wlan1,5660,nuc11,-66.00 dBm,TUB-intern,nuc4
736,a0:cf:5b:3f:87:4d,wlan0,5660,nuc11,-78.00 dBm,TUB-intern,nuc4
737,a0:cf:5b:9f:68:62,wlan0,2412,nuc11,-53.00 dBm,TUB-intern,nuc4
738,a0:cf:5b:3f:87:4c,wlan1,5660,nuc11,-78.00 dBm,eduroam,nuc4
739,a0:cf:5b:3f:87:4c,wlan0,5660,nuc11,-76.00 dBm,eduroam,nuc4
740,02:71:d9:74:ac:49,wlan1,2412,nuc11,-79.00 dBm,twist-test,nuc4
741,56:8b:3c:d0:48:b6,wlan1,5200,nuc12,-84.00 dBm,Intelligent-Mesh-5GHz,nuc4
742,56:8b:3c:d0:48:b6,wlan0,5200,nuc12,-69.00 dBm,Intelligent-Mesh-5GHz,nuc4
743,a0:cf:5b:00:1d:8e,wlan1,5500,nuc12,-68.00 dBm,TUB-Guest,nuc4
744,a0:cf:5b:9f:68:61,wlan1,2412,nuc12,-74.00 dBm,TUB-Guest,nuc4
745,a0:cf:5b:3f:bd:fe,wlan0,5300,nuc12,-76.00 dBm,TUB-Guest,nuc4
746,a0:cf:5b:3f:91:7e,wlan0,5260,nuc12,-80.00 dBm,TUB-Guest,nuc4
747,a0:cf:5b:00:1d:8d,wlan1,5500,nuc12,-57.00 dBm,TUB-intern,nuc4
748,a0:cf:5b:9f:68:62,wlan1,2412,nuc12,-73.00 dBm,TUB-intern,nuc4
749,a0:cf:5b:3f:bd:fd,wlan0,5300,nuc12,-65.00 dBm,TUB-intern,nuc4
750,a0:cf:5b:3f:91:7d,wlan0,5260,nuc12,-80.00 dBm,TUB-intern,nuc4
751,a0:cf:5b:00:1d:8c,wlan1,5500,nuc12,-68.00 dBm,eduroam,nuc4
752,a0:cf:5b:3f:bd:fc,wlan0,5300,nuc12,-76.00 dBm,eduroam,nuc4
753,a0:cf:5b:3f:91:7c,wlan0,5260,nuc12,-70.00 dBm,eduroam,nuc4
754,00:0b:6b:db:08:9e,wlan1,2462,nuc12,-81.00 dBm,eduroam.bowl.tu-berlin.de,nuc4
755,00:0b:6b:db:08:a0,wlan1,2462,nuc12,-79.00 dBm,eduroam.bowl.tu-berlin.de,nuc4
756,02:71:d9:74:ac:49,wlan1,2412,nuc12,-67.00 dBm,twist-test,nuc4
757,64:66:b3:ce:21:dc,wlan1,5240,nuc13,-56.00 dBm,68,nuc4
758,64:66:b3:ce:21:dc,wlan0,5240,nuc13,-63.00 dBm,68,nuc4
759,64:66:b3:ce:21:db,wlan1,2437,nuc13,-47.00 dBm,68-test,nuc4
760,64:66:b3:ce:21:db,wlan0,2437,nuc13,-25.00 dBm,68-test,nuc4
761,28:f0:76:71:45:92,wlan0,2462,nuc13,-76.00 dBm,MyNet,nuc4
762,a0:cf:5b:3f:bd:fe,wlan1,5300,nuc13,-79.00 dBm,TUB-Guest,nuc4
763,a0:cf:5b:3f:87:4e,wlan1,5660,nuc13,-67.00 dBm,TUB-Guest,nuc4
764,a0:cf:5b:3f:bd:fe,wlan0,5300,nuc13,-73.00 dBm,TUB-Guest,nuc4
765,a0:cf:5b:3f:87:4e,wlan0,5660,nuc13,-63.00 dBm,TUB-Guest,nuc4
766,a0:cf:5b:3f:bd:fd,wlan1,5300,nuc13,-79.00 dBm,TUB-intern,nuc4
767,a0:cf:5b:3f:87:4d,wlan1,5660,nuc13,-68.00 dBm,TUB-intern,nuc4
768,a0:cf:5b:3f:bd:fd,wlan0,5300,nuc13,-74.00 dBm,TUB-intern,nuc4
769,a0:cf:5b:3f:87:4d,wlan0,5660,nuc13,-48.00 dBm,TUB-intern,nuc4
770,a0:cf:5b:3f:bd:fc,wlan1,5300,nuc13,-74.00 dBm,eduroam,nuc4
771,a0:cf:5b:3f:87:4c,wlan1,5660,nuc13,-67.00 dBm,eduroam,nuc4
772,a0:cf:5b:3f:87:4c,wlan0,5660,nuc13,-63.00 dBm,eduroam,nuc4
773,a0:cf:5b:3d:7d:a3,wlan0,2462,nuc13,-68.00 dBm,eduroam,nuc4
774,a0:cf:5b:3f:bd:fc,wlan0,5300,nuc13,-74.00 dBm,eduroam,nuc4
775,64:66:b3:ce:21:dc,wlan1,5240,nuc6,-86.00 dBm,68,nuc4
776,64:66:b3:ce:21:dc,wlan0,5240,nuc6,-75.00 dBm,68,nuc4
777,64:66:b3:ce:21:db,wlan1,2437,nuc6,-67.00 dBm,68-test,nuc4
778,64:66:b3:ce:21:db,wlan0,2437,nuc6,-59.00 dBm,68-test,nuc4
779,56:8b:3c:d0:48:b6,wlan1,5200,nuc6,-90.00 dBm,Intelligent-Mesh-5GHz,nuc4
780,a0:cf:5b:3f:bd:fe,wlan1,5300,nuc6,-58.00 dBm,TUB-Guest,nuc4
781,a0:cf:5b:3f:91:7e,wlan1,5260,nuc6,-84.00 dBm,TUB-Guest,nuc4
782,a0:cf:5b:3f:91:7e,wlan0,5260,nuc6,-76.00 dBm,TUB-Guest,nuc4
783,a0:cf:5b:3f:bd:fe,wlan0,5300,nuc6,-45.00 dBm,TUB-Guest,nuc4
784,a0:cf:5b:3f:87:4e,wlan0,5660,nuc6,-62.00 dBm,TUB-Guest,nuc4
785,a0:cf:5b:3f:bd:fd,wlan1,5300,nuc6,-53.00 dBm,TUB-intern,nuc4
786,a0:cf:5b:3f:91:7d,wlan1,5260,nuc6,-84.00 dBm,TUB-intern,nuc4
787,a0:cf:5b:3f:bd:fd,wlan0,5300,nuc6,-31.00 dBm,TUB-intern,nuc4
788,a0:cf:5b:3f:87:4d,wlan0,5660,nuc6,-70.00 dBm,TUB-intern,nuc4
789,a0:cf:5b:3f:91:7d,wlan0,5260,nuc6,-77.00 dBm,TUB-intern,nuc4
790,a0:cf:5b:3f:bd:fc,wlan1,5300,nuc6,-58.00 dBm,eduroam,nuc4
791,a0:cf:5b:3f:91:7c,wlan1,5260,nuc6,-84.00 dBm,eduroam,nuc4
792,a0:cf:5b:3f:bd:fc,wlan0,5300,nuc6,-42.00 dBm,eduroam,nuc4
793,a0:cf:5b:3f:87:4c,wlan0,5660,nuc6,-71.00 dBm,eduroam,nuc4
794,a0:cf:5b:3f:91:7c,wlan0,5260,nuc6,-76.00 dBm,eduroam,nuc4
795,64:66:b3:ce:21:db,wlan0,2437,nuc10,-73.00 dBm,68-test,nuc4
796,56:8b:3c:d0:48:b6,wlan1,5200,nuc10,-79.00 dBm,Intelligent-Mesh-5GHz,nuc4
797,56:8b:3c:d0:48:b6,wlan0,5200,nuc10,-63.00 dBm,Intelligent-Mesh-5GHz,nuc4
798,a0:cf:5b:fa:41:de,wlan1,5660,nuc10,-80.00 dBm,TUB-Guest,nuc4
799,a0:cf:5b:3f:bd:fe,wlan0,5300,nuc10,-66.00 dBm,TUB-Guest,nuc4
800,a0:cf:5b:00:1d:8e,wlan0,5500,nuc10,-74.00 dBm,TUB-Guest,nuc4
801,a0:cf:5b:fa:41:de,wlan0,5660,nuc10,-75.00 dBm,TUB-Guest,nuc4
802,a0:cf:5b:3f:bf:ce,wlan0,5240,nuc10,-78.00 dBm,TUB-Guest,nuc4
803,a0:cf:5b:9f:68:61,wlan0,2412,nuc10,-51.00 dBm,TUB-Guest,nuc4
804,a0:cf:5b:fa:41:dd,wlan1,5660,nuc10,-79.00 dBm,TUB-intern,nuc4
805,a0:cf:5b:3f:bd:fd,wlan0,5300,nuc10,-66.00 dBm,TUB-intern,nuc4
806,a0:cf:5b:00:1d:8d,wlan0,5500,nuc10,-59.00 dBm,TUB-intern,nuc4
807,a0:cf:5b:fa:41:dd,wlan0,5660,nuc10,-74.00 dBm,TUB-intern,nuc4
808,a0:cf:5b:3f:bf:cd,wlan0,5240,nuc10,-78.00 dBm,TUB-intern,nuc4
809,a0:cf:5b:fa:41:dc,wlan1,5660,nuc10,-79.00 dBm,eduroam,nuc4
810,a0:cf:5b:3f:bd:fc,wlan0,5300,nuc10,-67.00 dBm,eduroam,nuc4
811,a0:cf:5b:00:1d:8c,wlan0,5500,nuc10,-74.00 dBm,eduroam,nuc4
812,a0:cf:5b:fa:41:dc,wlan0,5660,nuc10,-74.00 dBm,eduroam,nuc4
813,a0:cf:5b:3f:bf:cc,wlan0,5240,nuc10,-78.00 dBm,eduroam,nuc4
814,00:0b:6b:db:08:a0,wlan1,2462,nuc10,-78.00 dBm,eduroam.bowl.tu-berlin.de,nuc4
815,00:1b:b1:5d:b1:5a,wlan0,2462,nuc10,-61.00 dBm,eduroam.bowl.tu-berlin.de,nuc4
816,00:0b:6b:db:08:a0,wlan0,2462,nuc10,-79.00 dBm,eduroam.bowl.tu-berlin.de,nuc4
817,02:71:d9:74:ac:49,wlan1,5240,nuc10,-78.00 dBm,twist-test,nuc4
818,64:66:b3:ce:21:db,wlan1,2437,nuc11,-69.00 dBm,68-test,nuc4
819,64:66:b3:ce:21:db,wlan0,2437,nuc11,-68.00 dBm,68-test,nuc4
820,56:8b:3c:d0:48:b6,wlan1,5200,nuc11,-87.00 dBm,Intelligent-Mesh-5GHz,nuc4
821,56:8b:3c:d0:48:b6,wlan0,5200,nuc11,-82.00 dBm,Intelligent-Mesh-5GHz,nuc4
822,a0:cf:5b:3f:87:4e,wlan1,5660,nuc11,-77.00 dBm,TUB-Guest,nuc4
823,a0:cf:5b:3f:87:4e,wlan0,5660,nuc11,-67.00 dBm,TUB-Guest,nuc4
824,a0:cf:5b:9f:68:61,wlan0,2412,nuc11,-73.00 dBm,TUB-Guest,nuc4
825,a0:cf:5b:3f:87:4d,wlan0,5660,nuc11,-77.00 dBm,TUB-intern,nuc4
826,a0:cf:5b:9f:68:62,wlan0,2412,nuc11,-57.00 dBm,TUB-intern,nuc4
827,a0:cf:5b:3f:87:4c,wlan1,5660,nuc11,-65.00 dBm,eduroam,nuc4
828,a0:cf:5b:3f:87:4c,wlan0,5660,nuc11,-76.00 dBm,eduroam,nuc4
829,64:66:b3:ce:21:db,wlan1,2437,nuc12,-82.00 dBm,68-test,nuc4
830,64:66:b3:ce:21:db,wlan0,2437,nuc12,-80.00 dBm,68-test,nuc4
831,98:fc:11:dd:94:76,wlan0,2457,nuc12,-80.00 dBm,ResFi40,nuc4
832,a0:cf:5b:00:1d:8e,wlan1,5500,nuc12,-67.00 dBm,TUB-Guest,nuc4
833,a0:cf:5b:3f:bd:fe,wlan0,5300,nuc12,-77.00 dBm,TUB-Guest,nuc4
834,a0:cf:5b:00:1d:8d,wlan1,5500,nuc12,-55.00 dBm,TUB-intern,nuc4
835,a0:cf:5b:9f:68:62,wlan1,2412,nuc12,-74.00 dBm,TUB-intern,nuc4
836,a0:cf:5b:3f:bd:fd,wlan0,5300,nuc12,-77.00 dBm,TUB-intern,nuc4
837,a0:cf:5b:3f:91:7d,wlan0,5260,nuc12,-83.00 dBm,TUB-intern,nuc4
838,a0:cf:5b:00:1d:8c,wlan1,5500,nuc12,-67.00 dBm,eduroam,nuc4
839,a0:cf:5b:3f:bd:fc,wlan0,5300,nuc12,-79.00 dBm,eduroam,nuc4
840,00:0b:6b:db:08:9e,wlan1,2462,nuc12,-81.00 dBm,eduroam.bowl.tu-berlin.de,nuc4
841,00:0b:6b:db:08:a0,wlan1,2462,nuc12,-78.00 dBm,eduroam.bowl.tu-berlin.de,nuc4
842,00:1b:b1:5d:b1:5a,wlan1,2462,nuc12,-80.00 dBm,eduroam.bowl.tu-berlin.de,nuc4
843,00:1b:b1:5d:b1:5a,wlan0,2462,nuc12,-52.00 dBm,eduroam.bowl.tu-berlin.de,nuc4
844,02:71:d9:74:ac:49,wlan1,5240,nuc12,-88.00 dBm,twist-test,nuc4
845,64:66:b3:ce:21:dc,wlan1,5240,nuc13,-57.00 dBm,68,nuc4
846,64:66:b3:ce:21:dc,wlan0,5240,nuc13,-61.00 dBm,68,nuc4
847,64:66:b3:ce:21:db,wlan1,2437,nuc13,-49.00 dBm,68-test,nuc4
848,64:66:b3:ce:21:db,wlan0,2437,nuc13,-20.00 dBm,68-test,nuc4
849,28:f0:76:71:45:92,wlan1,2462,nuc13,-81.00 dBm,MyNet,nuc4
850,28:f0:76:71:45:92,wlan0,2462,nuc13,-78.00 dBm,MyNet,nuc4
851,a0:cf:5b:3f:bd:fe,wlan1,5300,nuc13,-79.00 dBm,TUB-Guest,nuc4
852,a0:cf:5b:3f:87:4e,wlan1,5660,nuc13,-68.00 dBm,TUB-Guest,nuc4
853,a0:cf:5b:3f:bd:fe,wlan0,5300,nuc13,-73.00 dBm,TUB-Guest,nuc4
854,a0:cf:5b:3f:87:4e,wlan0,5660,nuc13,-64.00 dBm,TUB-Guest,nuc4
855,a0:cf:5b:3f:bd:fd,wlan1,5300,nuc13,-79.00 dBm,TUB-intern,nuc4
856,a0:cf:5b:3f:87:4d,wlan1,5660,nuc13,-67.00 dBm,TUB-intern,nuc4
857,a0:cf:5b:3f:bd:fd,wlan0,5300,nuc13,-74.00 dBm,TUB-intern,nuc4
858,a0:cf:5b:3f:87:4d,wlan0,5660,nuc13,-51.00 dBm,TUB-intern,nuc4
859,a0:cf:5b:3d:7d:a2,wlan0,2462,nuc13,-53.00 dBm,TUB-intern,nuc4
860,a0:cf:5b:3f:bd:fc,wlan1,5300,nuc13,-74.00 dBm,eduroam,nuc4
861,a0:cf:5b:3f:87:4c,wlan1,5660,nuc13,-68.00 dBm,eduroam,nuc4
862,a0:cf:5b:3f:87:4c,wlan0,5660,nuc13,-63.00 dBm,eduroam,nuc4
863,a0:cf:5b:3f:bd:fc,wlan0,5300,nuc13,-74.00 dBm,eduroam,nuc4
864,64:66:b3:ce:21:dc,wlan1,5240,nuc6,-85.00 dBm,68,nuc4
865,64:66:b3:ce:21:dc,wlan0,5240,nuc6,-76.00 dBm,68,nuc4
866,64:66:b3:ce:21:db,wlan1,2437,nuc6,-63.00 dBm,68-test,nuc4
867,64:66:b3:ce:21:db,wlan0,2437,nuc6,-52.00 dBm,68-test,nuc4
868,a0:cf:5b:3f:bd:fe,wlan1,5300,nuc6,-53.00 dBm,TUB-Guest,nuc4
869,a0:cf:5b:3f:91:7e,wlan0,5260,nuc6,-67.00 dBm,TUB-Guest,nuc4
870,a0:cf:5b:3f:bd:fe,wlan0,5300,nuc6,-42.00 dBm,TUB-Guest,nuc4
871,a0:cf:5b:3f:87:4e,wlan0,5660,nuc6,-63.00 dBm,TUB-Guest,nuc4
872,a0:cf:5b:3f:bd:fd,wlan1,5300,nuc6,-58.00 dBm,TUB-intern,nuc4
873,a0:cf:5b:3f:91:7d,wlan1,5260,nuc6,-84.00 dBm,TUB-intern,nuc4
874,a0:cf:5b:3f:bd:fd,wlan0,5300,nuc6,-32.00 dBm,TUB-intern,nuc4
875,a0:cf:5b:3f:87:4d,wlan0,5660,nuc6,-70.00 dBm,TUB-intern,nuc4
876,a0:cf:5b:3f:91:7d,wlan0,5260,nuc6,-78.00 dBm,TUB-intern,nuc4
877,a0:cf:5b:3f:bd:fc,wlan1,5300,nuc6,-58.00 dBm,eduroam,nuc4
878,a0:cf:5b:3f:91:7c,wlan1,5260,nuc6,-84.00 dBm,eduroam,nuc4
879,a0:cf:5b:3f:bd:fc,wlan0,5300,nuc6,-40.00 dBm,eduroam,nuc4
880,a0:cf:5b:3f:87:4c,wlan0,5660,nuc6,-70.00 dBm,eduroam,nuc4
881,64:66:b3:ce:21:db,wlan1,2437,nuc10,-57.00 dBm,68-test,nuc6
882,64:66:b3:ce:21:db,wlan0,2437,nuc10,-74.00 dBm,68-test,nuc6
883,90:72:40:10:43:8a,wlan1,2437,nuc10,-82.00 dBm,ABTC,nuc6
884,56:8b:3c:d0:48:b6,wlan1,5200,nuc10,-78.00 dBm,Intelligent-Mesh-5GHz,nuc6
885,56:8b:3c:d0:48:b6,wlan0,5200,nuc10,-51.00 dBm,Intelligent-Mesh-5GHz,nuc6
886,a0:cf:5b:fa:41:de,wlan1,5660,nuc10,-75.00 dBm,TUB-Guest,nuc6
887,a0:cf:5b:3f:bd:fe,wlan0,5300,nuc10,-55.00 dBm,TUB-Guest,nuc6
888,a0:cf:5b:00:1d:8e,wlan0,5500,nuc10,-75.00 dBm,TUB-Guest,nuc6
889,a0:cf:5b:fa:41:de,wlan0,5660,nuc10,-74.00 dBm,TUB-Guest,nuc6
890,a0:cf:5b:3f:bf:ce,wlan0,5240,nuc10,-78.00 dBm,TUB-Guest,nuc6
891,a0:cf:5b:fa:41:dd,wlan1,5660,nuc10,-82.00 dBm,TUB-intern,nuc6
892,a0:cf:5b:3f:bd:fd,wlan0,5300,nuc10,-66.00 dBm,TUB-intern,nuc6
893,a0:cf:5b:00:1d:8d,wlan0,5500,nuc10,-61.00 dBm,TUB-intern,nuc6
894,a0:cf:5b:fa:41:dd,wlan0,5660,nuc10,-75.00 dBm,TUB-intern,nuc6
895,a0:cf:5b:3f:bf:cd,wlan0,5240,nuc10,-79.00 dBm,TUB-intern,nuc6
896,a0:cf:5b:fa:41:dc,wlan1,5660,nuc10,-82.00 dBm,eduroam,nuc6
897,a0:cf:5b:3f:bd:fc,wlan0,5300,nuc10,-65.00 dBm,eduroam,nuc6
898,a0:cf:5b:00:1d:8c,wlan0,5500,nuc10,-76.00 dBm,eduroam,nuc6
899,a0:cf:5b:fa:41:dc,wlan0,5660,nuc10,-73.00 dBm,eduroam,nuc6
900,a0:cf:5b:3f:bf:cc,wlan0,5240,nuc10,-78.00 dBm,eduroam,nuc6
901,00:0b:6b:db:08:a0,wlan1,2462,nuc10,-81.00 dBm,eduroam.bowl.tu-berlin.de,nuc6
902,02:f0:6d:4e:84:52,wlan1,2412,nuc10,-66.00 dBm,twist-test,nuc6
903,02:f0:6d:4e:84:52,wlan0,2412,nuc10,-71.00 dBm,twist-test,nuc6
904,64:66:b3:ce:21:db,wlan1,2437,nuc11,-69.00 dBm,68-test,nuc6
905,64:66:b3:ce:21:db,wlan0,2437,nuc11,-68.00 dBm,68-test,nuc6
906,56:8b:3c:d0:48:b6,wlan0,5200,nuc11,-90.00 dBm,Intelligent-Mesh-5GHz,nuc6
907,a0:cf:5b:3f:87:4d,wlan0,5660,nuc11,-76.00 dBm,TUB-intern,nuc6
908,a0:cf:5b:3f:87:4c,wlan0,5660,nuc11,-76.00 dBm,eduroam,nuc6
909,64:66:b3:ce:21:db,wlan1,2437,nuc12,-82.00 dBm,68-test,nuc6
910,64:66:b3:ce:21:db,wlan0,2437,nuc12,-79.00 dBm,68-test,nuc6
911,56:8b:3c:d0:48:b6,wlan1,5200,nuc12,-85.00 dBm,Intelligent-Mesh-5GHz,nuc6
912,a0:cf:5b:00:1d:8e,wlan1,5500,nuc12,-68.00 dBm,TUB-Guest,nuc6
913,a0:cf:5b:3f:bd:fe,wlan0,5300,nuc12,-66.00 dBm,TUB-Guest,nuc6
914,a0:cf:5b:00:1d:8d,wlan1,5500,nuc12,-68.00 dBm,TUB-intern,nuc6
915,a0:cf:5b:3f:bd:fd,wlan0,5300,nuc12,-77.00 dBm,TUB-intern,nuc6
916,a0:cf:5b:9f:68:62,wlan0,2412,nuc12,-73.00 dBm,TUB-intern,nuc6
917,a0:cf:5b:00:1d:8c,wlan1,5500,nuc12,-55.00 dBm,eduroam,nuc6
918,a0:cf:5b:3f:bd:fc,wlan0,5300,nuc12,-77.00 dBm,eduroam,nuc6
919,00:0b:6b:db:08:9e,wlan1,2462,nuc12,-79.00 dBm,eduroam.bowl.tu-berlin.de,nuc6
920,00:0b:6b:db:08:a0,wlan1,2462,nuc12,-81.00 dBm,eduroam.bowl.tu-berlin.de,nuc6
921,00:0b:6b:db:08:a0,wlan0,2462,nuc12,-54.00 dBm,eduroam.bowl.tu-berlin.de,nuc6
922,02:f0:6d:4e:84:52,wlan1,2412,nuc12,-75.00 dBm,twist-test,nuc6
923,02:f0:6d:4e:84:52,wlan0,2412,nuc12,-55.00 dBm,twist-test,nuc6
924,64:66:b3:ce:21:dc,wlan1,5240,nuc13,-57.00 dBm,68,nuc6
925,64:66:b3:ce:21:dc,wlan0,5240,nuc13,-64.00 dBm,68,nuc6
926,64:66:b3:ce:21:db,wlan1,2437,nuc13,-44.00 dBm,68-test,nuc6
927,64:66:b3:ce:21:db,wlan0,2437,nuc13,-20.00 dBm,68-test,nuc6
928,28:f0:76:71:45:92,wlan0,2462,nuc13,-76.00 dBm,MyNet,nuc6
929,a0:cf:5b:3f:bd:fe,wlan1,5300,nuc13,-78.00 dBm,TUB-Guest,nuc6
930,a0:cf:5b:3f:87:4e,wlan1,5660,nuc13,-68.00 dBm,TUB-Guest,nuc6
931,a0:cf:5b:3f:bd:fe,wlan0,5300,nuc13,-72.00 dBm,TUB-Guest,nuc6
932,a0:cf:5b:3f:87:4e,wlan0,5660,nuc13,-61.00 dBm,TUB-Guest,nuc6
933,a0:cf:5b:3d:7d:a1,wlan0,2462,nuc13,-69.00 dBm,TUB-Guest,nuc6
934,a0:cf:5b:3f:bd:fd,wlan1,5300,nuc13,-78.00 dBm,TUB-intern,nuc6
935,a0:cf:5b:3f:87:4d,wlan1,5660,nuc13,-51.00 dBm,TUB-intern,nuc6
936,a0:cf:5b:3f:bd:fd,wlan0,5300,nuc13,-73.00 dBm,TUB-intern,nuc6
937,a0:cf:5b:3f:87:4d,wlan0,5660,nuc13,-51.00 dBm,TUB-intern,nuc6
938,a0:cf:5b:3d:7d:a2,wlan0,2462,nuc13,-51.00 dBm,TUB-intern,nuc6
939,a0:cf:5b:3f:bd:fc,wlan1,5300,nuc13,-78.00 dBm,eduroam,nuc6
940,a0:cf:5b:3f:87:4c,wlan1,5660,nuc13,-68.00 dBm,eduroam,nuc6
941,a0:cf:5b:3f:87:4c,wlan0,5660,nuc13,-63.00 dBm,eduroam,nuc6
942,a0:cf:5b:3f:bd:fc,wlan0,5300,nuc13,-73.00 dBm,eduroam,nuc6
943,02:f0:6d:4e:84:52,wlan1,2412,nuc13,-66.00 dBm,twist-test,nuc6
944,64:66:b3:ce:21:db,wlan1,2437,nuc4,-75.00 dBm,68-test,nuc6
945,64:66:b3:ce:21:db,wlan0,2437,nuc4,-78.00 dBm,68-test,nuc6
946,56:8b:3c:d0:48:b6,wlan1,5200,nuc4,-57.00 dBm,Intelligent-Mesh-5GHz,nuc6
947,a0:cf:5b:fa:41:de,wlan1,5660,nuc4,-75.00 dBm,TUB-Guest,nuc6
948,a0:cf:5b:3f:bf:ce,wlan1,5240,nuc4,-81.00 dBm,TUB-Guest,nuc6
949,a0:cf:5b:3f:bd:fe,wlan1,5300,nuc4,-83.00 dBm,TUB-Guest,nuc6
950,a0:cf:5b:00:1d:8e,wlan1,5500,nuc4,-74.00 dBm,TUB-Guest,nuc6
951,a0:cf:5b:3f:bf:ce,wlan0,5240,nuc4,-74.00 dBm,TUB-Guest,nuc6
952,a0:cf:5b:9f:68:61,wlan0,2412,nuc4,-67.00 dBm,TUB-Guest,nuc6
953,a0:cf:5b:00:1d:8d,wlan1,5500,nuc4,-66.00 dBm,TUB-intern,nuc6
954,a0:cf:5b:fa:41:dd,wlan1,5660,nuc4,-74.00 dBm,TUB-intern,nuc6
955,a0:cf:5b:3f:bf:cd,wlan1,5240,nuc4,-81.00 dBm,TUB-intern,nuc6
956,a0:cf:5b:3f:bd:fd,wlan1,5300,nuc4,-81.00 dBm,TUB-intern,nuc6
957,a0:cf:5b:3f:bf:cd,wlan0,5240,nuc4,-75.00 dBm,TUB-intern,nuc6
958,a0:cf:5b:fa:41:dc,wlan1,5660,nuc4,-74.00 dBm,eduroam,nuc6
959,a0:cf:5b:00:1d:8c,wlan1,5500,nuc4,-74.00 dBm,eduroam,nuc6
960,a0:cf:5b:3f:bf:cc,wlan1,5240,nuc4,-81.00 dBm,eduroam,nuc6
961,a0:cf:5b:3f:bd:fc,wlan1,5300,nuc4,-83.00 dBm,eduroam,nuc6
962,a0:cf:5b:3f:bf:cc,wlan0,5240,nuc4,-74.00 dBm,eduroam,nuc6
963,00:1b:b1:5d:b1:5a,wlan1,2462,nuc4,-72.00 dBm,eduroam.bowl.tu-berlin.de,nuc6
964,00:0b:6b:db:08:a0,wlan1,2462,nuc4,-56.00 dBm,eduroam.bowl.tu-berlin.de,nuc6
965,00:1b:b1:5d:b1:5a,wlan0,2462,nuc4,-50.00 dBm,eduroam.bowl.tu-berlin.de,nuc6
966,64:66:b3:ce:21:db,wlan1,2437,nuc10,-78.00 dBm,68-test,nuc6
967,64:66:b3:ce:21:db,wlan0,2437,nuc10,-74.00 dBm,68-test,nuc6
968,56:8b:3c:d0:48:b6,wlan1,5200,nuc10,-79.00 dBm,Intelligent-Mesh-5GHz,nuc6
969,56:8b:3c:d0:48:b6,wlan0,5200,nuc10,-52.00 dBm,Intelligent-Mesh-5GHz,nuc6
970,a0:cf:5b:fa:41:de,wlan1,5660,nuc10,-83.00 dBm,TUB-Guest,nuc6
971,a0:cf:5b:3f:bd:fe,wlan0,5300,nuc10,-66.00 dBm,TUB-Guest,nuc6
972,a0:cf:5b:00:1d:8e,wlan0,5500,nuc10,-74.00 dBm,TUB-Guest,nuc6
973,a0:cf:5b:fa:41:de,wlan0,5660,nuc10,-75.00 dBm,TUB-Guest,nuc6
974,a0:cf:5b:3f:bf:ce,wlan0,5240,nuc10,-78.00 dBm,TUB-Guest,nuc6
975,a0:cf:5b:fa:41:dd,wlan1,5660,nuc10,-81.00 dBm,TUB-intern,nuc6
976,a0:cf:5b:3f:bd:fd,wlan0,5300,nuc10,-55.00 dBm,TUB-intern,nuc6
977,a0:cf:5b:00:1d:8d,wlan0,5500,nuc10,-74.00 dBm,TUB-intern,nuc6
978,a0:cf:5b:fa:41:dd,wlan0,5660,nuc10,-73.00 dBm,TUB-intern,nuc6
979,a0:cf:5b:3f:bf:cd,wlan0,5240,nuc10,-79.00 dBm,TUB-intern,nuc6
980,a0:cf:5b:9f:68:62,wlan0,2412,nuc10,-51.00 dBm,TUB-intern,nuc6
981,a0:cf:5b:fa:41:dc,wlan1,5660,nuc10,-82.00 dBm,eduroam,nuc6
982,a0:cf:5b:3f:bd:fc,wlan0,5300,nuc10,-66.00 dBm,eduroam,nuc6
983,a0:cf:5b:00:1d:8c,wlan0,5500,nuc10,-72.00 dBm,eduroam,nuc6
984,a0:cf:5b:fa:41:dc,wlan0,5660,nuc10,-61.00 dBm,eduroam,nuc6
985,a0:cf:5b:3f:bf:cc,wlan0,5240,nuc10,-78.00 dBm,eduroam,nuc6
986,00:0b:6b:db:08:a0,wlan1,2462,nuc10,-80.00 dBm,eduroam.bowl.tu-berlin.de,nuc6
987,00:1b:b1:5d:b1:5a,wlan1,2462,nuc10,-51.00 dBm,eduroam.bowl.tu-berlin.de,nuc6
988,00:0b:6b:db:08:a0,wlan0,2462,nuc10,-81.00 dBm,eduroam.bowl.tu-berlin.de,nuc6
989,00:1b:b1:5d:b1:5a,wlan0,2462,nuc10,-76.00 dBm,eduroam.bowl.tu-berlin.de,nuc6
990,64:66:b3:ce:21:dc,wlan1,5240,nuc11,-89.00 dBm,68,nuc6
991,64:66:b3:ce:21:db,wlan1,2437,nuc11,-71.00 dBm,68-test,nuc6
992,64:66:b3:ce:21:db,wlan0,2437,nuc11,-72.00 dBm,68-test,nuc6
993,a0:cf:5b:3f:87:4e,wlan1,5660,nuc11,-65.00 dBm,TUB-Guest,nuc6
994,a0:cf:5b:3f:87:4d,wlan1,5660,nuc11,-77.00 dBm,TUB-intern,nuc6
995,a0:cf:5b:3f:87:4c,wlan1,5660,nuc11,-79.00 dBm,eduroam,nuc6
996,64:66:b3:ce:21:db,wlan0,2437,nuc12,-80.00 dBm,68-test,nuc6
997,56:8b:3c:d0:48:b6,wlan1,5200,nuc12,-83.00 dBm,Intelligent-Mesh-5GHz,nuc6
998,56:8b:3c:d0:48:b6,wlan0,5200,nuc12,-70.00 dBm,Intelligent-Mesh-5GHz,nuc6
999,a0:cf:5b:00:1d:8e,wlan1,5500,nuc12,-69.00 dBm,TUB-Guest,nuc6
1000,a0:cf:5b:00:1d:8d,wlan1,5500,nuc12,-69.00 dBm,TUB-intern,nuc6
1001,a0:cf:5b:3f:91:7d,wlan0,5260,nuc12,-80.00 dBm,TUB-intern,nuc6
1002,a0:cf:5b:00:1d:8c,wlan1,5500,nuc12,-58.00 dBm,eduroam,nuc6
1003,a0:cf:5b:9f:68:63,wlan1,2412,nuc12,-71.00 dBm,eduroam,nuc6
1004,a0:cf:5b:9f:68:63,wlan0,2412,nuc12,-51.00 dBm,eduroam,nuc6
1005,a0:cf:5b:3f:91:7c,wlan0,5260,nuc12,-69.00 dBm,eduroam,nuc6
1006,00:0b:6b:db:08:9e,wlan1,2462,nuc12,-81.00 dBm,eduroam.bowl.tu-berlin.de,nuc6
1007,00:0b:6b:db:08:a0,wlan1,2462,nuc12,-80.00 dBm,eduroam.bowl.tu-berlin.de,nuc6
1008,00:1b:b1:5d:b1:5a,wlan1,2462,nuc12,-57.00 dBm,eduroam.bowl.tu-berlin.de,nuc6
1009,00:0b:6b:db:08:a0,wlan0,2462,nuc12,-79.00 dBm,eduroam.bowl.tu-berlin.de,nuc6
1010,02:f0:6d:4e:84:52,wlan0,5240,nuc12,-82.00 dBm,twist-test,nuc6
1011,64:66:b3:ce:21:dc,wlan1,5240,nuc13,-56.00 dBm,68,nuc6
1012,64:66:b3:ce:21:dc,wlan0,5240,nuc13,-62.00 dBm,68,nuc6
1013,64:66:b3:ce:21:db,wlan1,2437,nuc13,-46.00 dBm,68-test,nuc6
1014,64:66:b3:ce:21:db,wlan0,2437,nuc13,-23.00 dBm,68-test,nuc6
1015,28:f0:76:71:45:92,wlan1,2462,nuc13,-84.00 dBm,MyNet,nuc6
1016,28:f0:76:71:45:92,wlan0,2462,nuc13,-77.00 dBm,MyNet,nuc6
1017,a0:cf:5b:3f:bd:fe,wlan1,5300,nuc13,-79.00 dBm,TUB-Guest,nuc6
1018,a0:cf:5b:3f:87:4e,wlan1,5660,nuc13,-67.00 dBm,TUB-Guest,nuc6
1019,a0:cf:5b:3f:bd:fe,wlan0,5300,nuc13,-60.00 dBm,TUB-Guest,nuc6
1020,a0:cf:5b:3f:87:4e,wlan0,5660,nuc13,-64.00 dBm,TUB-Guest,nuc6
1021,a0:cf:5b:3f:bd:fd,wlan1,5300,nuc13,-79.00 dBm,TUB-intern,nuc6
1022,a0:cf:5b:3f:87:4d,wlan1,5660,nuc13,-50.00 dBm,TUB-intern,nuc6
1023,a0:cf:5b:3f:bd:fd,wlan0,5300,nuc13,-74.00 dBm,TUB-intern,nuc6
1024,a0:cf:5b:3f:87:4d,wlan0,5660,nuc13,-64.00 dBm,TUB-intern,nuc6
1025,a0:cf:5b:3d:7d:a2,wlan0,2462,nuc13,-72.00 dBm,TUB-intern,nuc6
1026,a0:cf:5b:3f:bd:fc,wlan1,5300,nuc13,-79.00 dBm,eduroam,nuc6
1027,a0:cf:5b:3f:87:4c,wlan1,5660,nuc13,-68.00 dBm,eduroam,nuc6
1028,a0:cf:5b:3f:87:4c,wlan0,5660,nuc13,-64.00 dBm,eduroam,nuc6
1029,a0:cf:5b:3f:bd:fc,wlan0,5300,nuc13,-75.00 dBm,eduroam,nuc6
1030,02:f0:6d:4e:84:52,wlan1,5240,nuc13,-82.00 dBm,twist-test,nuc6
1031,64:66:b3:ce:21:db,wlan1,2437,nuc4,-74.00 dBm,68-test,nuc6
1032,64:66:b3:ce:21:db,wlan0,2437,nuc4,-79.00 dBm,68-test,nuc6
1033,56:8b:3c:d0:48:b6,wlan1,5200,nuc4,-57.00 dBm,Intelligent-Mesh-5GHz,nuc6
1034,56:8b:3c:d0:48:b6,wlan0,5200,nuc4,-51.00 dBm,Intelligent-Mesh-5GHz,nuc6
1035,a0:cf:5b:fa:41:de,wlan1,5660,nuc4,-77.00 dBm,TUB-Guest,nuc6
1036,a0:cf:5b:3f:bf:ce,wlan1,5240,nuc4,-83.00 dBm,TUB-Guest,nuc6
1037,a0:cf:5b:3f:bd:fe,wlan1,5300,nuc4,-80.00 dBm,TUB-Guest,nuc6
1038,a0:cf:5b:00:1d:8e,wlan1,5500,nuc4,-74.00 dBm,TUB-Guest,nuc6
1039,a0:cf:5b:3f:bf:ce,wlan0,5240,nuc4,-74.00 dBm,TUB-Guest,nuc6
1040,a0:cf:5b:9f:68:61,wlan0,2412,nuc4,-68.00 dBm,TUB-Guest,nuc6
1041,a0:cf:5b:00:1d:8d,wlan1,5500,nuc4,-74.00 dBm,TUB-intern,nuc6
1042,a0:cf:5b:fa:41:dd,wlan1,5660,nuc4,-77.00 dBm,TUB-intern,nuc6
1043,a0:cf:5b:3f:bf:cd,wlan1,5240,nuc4,-82.00 dBm,TUB-intern,nuc6
1044,a0:cf:5b:3f:bd:fd,wlan1,5300,nuc4,-77.00 dBm,TUB-intern,nuc6
1045,a0:cf:5b:9f:68:62,wlan1,2412,nuc4,-67.00 dBm,TUB-intern,nuc6
1046,a0:cf:5b:3f:bf:cd,wlan0,5240,nuc4,-74.00 dBm,TUB-intern,nuc6
1047,a0:cf:5b:fa:41:dc,wlan1,5660,nuc4,-65.00 dBm,eduroam,nuc6
1048,a0:cf:5b:00:1d:8c,wlan1,5500,nuc4,-74.00 dBm,eduroam,nuc6
1049,a0:cf:5b:3f:bf:cc,wlan1,5240,nuc4,-82.00 dBm,eduroam,nuc6
1050,a0:cf:5b:3f:bd:fc,wlan1,5300,nuc4,-79.00 dBm,eduroam,nuc6
1051,a0:cf:5b:3f:bf:cc,wlan0,5240,nuc4,-74.00 dBm,eduroam,nuc6
1052,00:1b:b1:5d:b1:5a,wlan1,2462,nuc4,-70.00 dBm,eduroam.bowl.tu-berlin.de,nuc6
1053,00:1b:b1:5d:b1:5a,wlan0,2462,nuc4,-74.00 dBm,eduroam.bowl.tu-berlin.de,nuc6
